,Unnamed: 0,SEASON,PLAYER_ID,PLAYER_NAME,TEAM_ID,TEAM_ABBREVIATION,GP,MIN,PTS,REB,AST,STL,BLK,TOV,FG3M,TS_PCT,USG_PCT,PIE,PER,WS,AS
11737,11737,2023,1630639,A.J. Lawson,1610612742,DAL,13,62.66833333333334,34,10,1,1,0,1,7,1.0,0.04175,0.235,16.60079804350795,0.1975436288069073,0.0
11738,11738,2023,1631260,AJ Green,1610612749,MIL,26,244.3883333333333,121,28,12,5,0,7,33,0.4368571428571428,0.123875,-0.0794285714285714,14.810249910134472,0.7675005171862818,0.0
11739,11739,2023,1631100,AJ Griffin,1610612737,ATL,55,1122.285,514,114,55,38,7,33,82,0.4946818181818181,0.15836,0.0516363636363636,14.570038669254352,2.502134890644363,0.0
11740,11740,2023,203932,Aaron Gordon,1610612743,DEN,49,1482.84,848,336,140,40,39,79,50,0.7027894736842105,0.2026842105263158,0.1239473684210526,23.80339320135732,6.1847019093377975,0.0
11741,11741,2023,1628988,Aaron Holiday,1610612737,ATL,50,725.4133333333333,211,66,65,27,10,29,31,0.4490952380952381,0.10272,0.045047619047619,10.102069275155207,0.9340263310362028,0.0
11742,11742,2023,1630174,Aaron Nesmith,1610612754,IND,53,1300.445,521,199,65,41,23,49,81,0.5661052631578948,0.1593333333333333,0.071578947368421,11.68445123940873,2.3057004857914984,0.0
11743,11743,2023,1630598,Aaron Wiggins,1610612760,OKC,46,846.0133333333333,295,147,62,21,8,38,32,0.6818,0.0887857142857142,0.104,13.38590530923181,1.820923699333504,0.0
11744,11744,2023,1629678,Admiral Schofield,1610612753,ORL,27,350.445,123,52,23,6,3,6,18,0.6009166666666667,0.097875,0.0514166666666666,13.246827230882364,1.0274242587046938,0.0
11745,11745,2023,201143,Al Horford,1610612738,BOS,45,1380.48,417,280,119,22,41,28,92,0.7397,0.111,0.0965,14.341012653026786,3.110754603091406,0.0
11746,11746,2023,202692,Alec Burks,1610612765,DET,46,1015.265,593,135,100,33,6,53,89,0.6015555555555555,0.2325555555555555,0.1129999999999999,18.76084343745817,3.4830478898581045,0.0
11747,11747,2023,1630197,Aleksej Pokusevski,1610612760,OKC,31,677.4483333333334,273,157,62,20,41,41,38,0.4417272727272727,0.1665454545454545,0.0708181818181818,15.828283653833838,1.0517212892078271,0.0
11748,11748,2023,1627936,Alex Caruso,1610612741,CHI,49,1190.7683333333334,270,154,158,82,32,64,40,0.6495,0.09485,0.08855,12.935287960898297,1.5796488038092156,0.0
11749,11749,2023,203458,Alex Len,1610612758,SAC,13,45.92,13,15,5,0,0,4,0,0.5587500000000001,0.0303999999999999,0.14775,9.068597029485714,0.0587168503693664,0.0
11750,11750,2023,1628993,Alize Johnson,1610612759,SAS,4,29.516666666666666,7,10,1,1,0,4,0,0.7125,0.0936666666666666,0.0965,5.038480141973928,-0.0486918880597528,0.0
11751,11751,2023,1631214,Alondes Williams,1610612751,BKN,1,5.266666666666667,0,1,0,0,0,2,0,0.0,0.0715,-0.108,-23.01352035726753,,0.0
11752,11752,2023,1630578,Alperen Sengun,1610612745,HOU,53,1498.16,802,464,194,45,51,133,12,0.5372857142857143,0.2182142857142857,0.1062857142857142,23.510234426719336,5.425566060018848,0.0
11753,11753,2023,1629599,Amir Coffey,1610612746,LAC,40,570.1966666666667,161,51,49,7,3,17,10,0.4848666666666666,0.0898095238095238,0.0549333333333333,8.551010060316873,0.8163181117727485,0.0
11754,11754,2023,203083,Andre Drummond,1610612741,CHI,46,594.7883333333333,295,308,26,31,16,53,0,0.5869047619047618,0.1811363636363636,0.173047619047619,24.49713922105779,1.7278142834686296,0.0
11755,11755,2023,1629614,Andrew Nembhard,1610612754,IND,53,1435.111666666667,428,147,220,53,10,91,62,0.6749047619047619,0.129,0.0836190476190476,10.010241408907286,1.686362937611146,0.0
11756,11756,2023,203952,Andrew Wiggins,1610612744,GSW,37,1190.28,633,186,85,45,28,48,89,0.5992307692307692,0.1892142857142857,0.0931538461538461,16.71846971183503,2.7677051878711336,0.0
11757,11757,2023,1629014,Anfernee Simons,1610612757,POR,56,1990.2983333333327,1196,150,235,40,13,121,196,0.5585,0.2615555555555555,0.0959444444444444,17.27253317546898,7.003639468570616,0.0
11758,11758,2023,203076,Anthony Davis,1610612747,LAL,35,1168.2116666666666,910,431,88,41,70,74,13,0.6441538461538462,0.2753076923076923,0.1912307692307692,32.82456861457227,6.054533422167651,0.0
11760,11760,2023,1630264,Anthony Gill,1610612764,WAS,41,411.28833333333336,129,57,20,5,8,9,3,0.3449333333333333,0.055578947368421,0.0193333333333333,13.413346626634096,1.1569987746911303,0.0
11761,11761,2023,1630237,Anthony Lamb,1610612744,GSW,43,836.8933333333333,310,139,73,22,11,42,58,0.5465,0.1236428571428571,0.0495714285714285,13.12346894255092,1.796965511635167,0.0
11762,11762,2023,1630559,Austin Reaves,1610612747,LAL,41,1143.9583333333333,429,122,89,21,15,54,51,0.6503125,0.117875,0.062125,13.513777273442551,2.632879908226625,0.0
11763,11763,2023,203085,Austin Rivers,1610612750,MIN,46,955.58,247,79,70,28,3,22,41,0.4056153846153846,0.077625,0.0364615384615384,9.075258697087769,1.4834478368762516,0.0
11764,11764,2023,1630245,Ayo Dosunmu,1610612741,CHI,57,1619.3133333333333,543,174,161,39,20,78,47,0.6437727272727273,0.1444090909090909,0.0743636363636363,11.81266959443151,2.660858940814105,0.0
11766,11766,2023,1627732,Ben Simmons,1610612751,BKN,42,1105.0166666666669,291,263,256,54,24,97,0,0.4878999999999999,0.1312,0.0747,15.677245678703832,1.96498983983112,0.0
11767,11767,2023,1631097,Bennedict Mathurin,1610612754,IND,60,1692.67,1033,246,85,36,6,110,83,0.5483636363636364,0.245,0.0869545454545454,15.685099062375944,4.34218374612685,0.0
11768,11768,2023,202687,Bismack Biyombo,1610612756,PHX,46,641.6883333333334,174,187,43,15,59,43,0,0.37575,0.10905,0.039625,14.126979623863829,0.4358197981569811,0.0
11769,11769,2023,201933,Blake Griffin,1610612738,BOS,26,374.68666666666667,128,89,33,8,5,13,19,0.4885,0.0453333333333333,0.064,14.791038620670411,1.0171274024673411,0.0
11770,11770,2023,1631104,Blake Wesley,1610612759,SAS,15,195.8683333333333,63,20,20,5,1,20,7,0.833,0.0945,0.092,2.719645751089158,-0.2150000611832676,0.0
11771,11771,2023,1626246,Boban Marjanovic,1610612745,HOU,19,82.78333333333333,56,29,4,1,1,5,0,0.5702857142857143,0.0777058823529411,0.2135714285714285,29.82777421204796,0.4634381533486794,0.0
11772,11772,2023,1626171,Bobby Portis,1610612749,MIL,47,1257.5216666666668,678,473,85,22,11,59,58,0.568875,0.196875,0.1440625,21.237984212804268,3.993933172100542,0.0
11773,11773,2023,203992,Bogdan Bogdanovic,1610612737,ATL,34,1014.8616666666668,495,114,103,29,11,40,93,0.597,0.248,0.10425,15.066430417262549,2.272177975595271,0.0
11774,11774,2023,202711,Bojan Bogdanovic,1610612765,DET,56,1796.0166666666669,1221,205,144,33,7,127,136,0.6160769230769231,0.2592307692307692,0.1074615384615384,20.39285389207817,6.903663641918716,0.0
11775,11775,2023,1629626,Bol Bol,1610612753,ORL,54,1250.9516666666666,563,337,46,23,72,98,28,0.5977647058823529,0.172,0.1098235294117647,17.883837015846762,2.071869936928028,0.0
11776,11776,2023,1630538,Bones Hyland,1610612746,LAC,44,852.0016666666667,523,93,128,30,13,70,93,0.4587857142857143,0.22775,0.0610714285714285,17.109587488544598,1.9477595809018933,0.0
11777,11777,2023,203078,Bradley Beal,1610612764,WAS,36,1182.835,830,127,186,32,23,99,63,0.6244166666666667,0.2365384615384615,0.1281666666666666,23.967082724364413,4.999465933189276,0.0
11778,11778,2023,1630527,Brandon Boston Jr.,1610612746,LAC,21,246.66166666666663,143,29,19,9,0,12,12,0.4393333333333333,0.13625,0.0915,15.37879344019226,0.5201596418606609,0.0
11779,11779,2023,1629634,Brandon Clarke,1610612763,MEM,51,1019.625,536,285,64,33,36,53,1,0.6288636363636363,0.171,0.1236363636363636,23.345040645620543,3.916448567790423,0.0
11780,11780,2023,1627742,Brandon Ingram,1610612740,NOP,24,771.7783333333333,538,119,117,18,12,79,37,0.6586666666666666,0.2775,0.1555,19.94385264963536,2.194113933850463,0.0
11781,11781,2023,1630296,Braxton Key,1610612765,DET,3,9.1,4,1,0,0,0,0,0,0.0,0.0,0.25,21.04115574216511,0.0512243999473181,0.0
11782,11782,2023,201572,Brook Lopez,1610612749,MIL,57,1729.0533333333333,828,371,70,27,139,77,104,0.5920666666666666,0.2049333333333333,0.1006,19.49661642579436,4.701970157849701,0.0
11783,11783,2023,1628971,Bruce Brown,1610612743,DEN,58,1669.7116666666666,653,223,212,63,36,96,78,0.5618095238095238,0.1585714285714285,0.077047619047619,14.888139285893484,3.588417687594228,0.0
11784,11784,2023,1628981,Bruno Fernando,1610612737,ATL,32,367.505,130,123,30,6,31,21,0,0.6667777777777778,0.139,0.0915555555555555,18.35792342937983,0.943273056090796,0.0
11785,11785,2023,1631121,Bryce McGowens,1610612766,CHA,26,382.1216666666666,106,44,27,7,4,15,12,0.722,0.0349,0.1056666666666666,7.94169905585538,0.3002852437861235,0.0
11786,11786,2023,1627854,Bryn Forbes,1610612750,MIN,25,267.72,89,15,17,7,2,12,14,0.2969,0.0895,-0.061,7.077671391238268,0.2133582708431961,0.0
11787,11787,2023,1627741,Buddy Hield,1610612754,IND,60,1920.96,1052,295,163,68,19,112,230,0.6104999999999999,0.210090909090909,0.1025454545454545,17.488250556090897,5.38522256574136,0.0
11788,11788,2023,203468,CJ McCollum,1610612740,NOP,52,1820.4283333333333,1099,226,307,51,31,137,148,0.4905882352941176,0.2550588235294118,0.1098823529411764,18.43422857624233,5.4229669726736285,0.0
11789,11789,2023,1630595,Cade Cunningham,1610612765,DET,12,400.1833333333333,239,74,72,10,7,39,17,0.5082,0.301,0.1288,16.190193316473497,0.5269867922190148,0.0
11790,11790,2023,1631216,Caleb Houstan,1610612753,ORL,34,548.8366666666667,144,76,18,7,3,12,33,0.6713,0.0668235294117647,0.0477999999999999,8.516849336381975,0.809043501258729,0.0
11791,11791,2023,1628997,Caleb Martin,1610612748,MIA,49,1484.9483333333333,494,256,79,51,20,57,65,0.5615,0.1356,0.0668571428571428,12.728773678185794,2.071061776018605,0.0
11792,11792,2023,1629629,Cam Reddish,1610612757,POR,23,507.165,202,37,25,18,9,16,24,0.4944,0.0843333333333333,0.0387,12.633154111878996,1.008226101585664,0.0
11793,11793,2023,1630560,Cam Thomas,1610612751,BKN,41,679.1433333333333,444,69,64,15,5,43,36,0.3675833333333334,0.1752941176470588,0.0613333333333333,18.96721951940625,2.19762155866909,0.0
11794,11794,2023,1629661,Cameron Johnson,1610612751,BKN,20,518.7633333333333,280,77,33,19,7,10,52,0.4386666666666667,0.207,0.0716666666666666,19.964581064135587,1.8845675979765,0.0
11795,11795,2023,1626166,Cameron Payne,1610612756,PHX,28,671.045,340,64,148,25,5,55,48,0.5565,0.2501666666666666,0.1071666666666666,15.462131995912788,1.3962587455048612,0.0
11796,11796,2023,1627747,Caris LeVert,1610612739,CLE,55,1674.2683333333334,659,217,216,47,13,92,86,0.443625,0.1833125,0.0630625,12.86208381765048,2.785687423862461,0.0
11797,11797,2023,1630637,Carlik Jones,1610612741,CHI,2,22.82333333333333,3,3,2,0,0,1,0,,0.0,,-1.8910380085480056,-0.058823977122973,0.0
11798,11798,2023,1626224,Cedi Osman,1610612739,CLE,58,1218.025,518,129,89,31,7,42,82,0.518,0.1746842105263157,0.071,13.534902839755912,2.4901037930845,0.0
11799,11799,2023,1629646,Charles Bassey,1610612759,SAS,26,353.785,122,144,32,9,24,30,2,0.5748571428571428,0.1125625,0.1593571428571428,20.05281093379312,0.8251048708171637,0.0
11800,11800,2023,1631320,Chima Moneke,1610612758,SAC,2,7.931666666666667,2,2,1,0,0,2,0,0.0,0.03125,-0.113,-3.9178195458387526,-0.0307124078091574,0.0
11801,11801,2023,1629002,Chimezie Metu,1610612758,SAC,44,475.765,220,132,31,12,14,26,8,0.6188571428571429,0.1561764705882352,0.0947857142857142,19.09996687687033,1.4492260324419084,0.0
11802,11802,2023,1628449,Chris Boucher,1610612761,TOR,53,1101.825,521,310,23,37,45,26,43,0.5462142857142858,0.1677142857142857,0.0852857142857142,21.644958952994426,3.9111874872775054,0.0
11803,11803,2023,1630537,Chris Duarte,1610612754,IND,36,693.8016666666666,284,88,53,18,8,33,41,0.3825454545454546,0.2039090909090909,0.0284545454545454,9.893375574642416,0.7460458019592866,0.0
11804,11804,2023,101108,Chris Paul,1610612756,PHX,39,1246.6716666666666,533,165,353,62,18,81,61,0.5373636363636364,0.0956666666666666,0.1102727272727272,20.068945105660056,4.289331762431946,0.0
11805,11805,2023,1631128,Christian Braun,1610612743,DEN,54,834.32,237,128,42,26,11,24,23,0.4017619047619047,0.0803809523809523,0.012,11.121042532997189,1.272802512756595,0.0
11806,11806,2023,1631132,Christian Koloko,1610612761,TOR,45,658.0933333333334,158,146,22,13,48,18,1,0.663,0.0994666666666666,0.0505714285714285,13.25736447968696,1.2082267299644116,0.0
11807,11807,2023,1626174,Christian Wood,1610612742,DAL,48,1328.5233333333333,852,383,84,22,56,93,84,0.6430666666666667,0.2362666666666666,0.1346,24.1836698151969,4.770617734160558,0.0
11808,11808,2023,1629643,Chuma Okeke,1610612753,ORL,19,404.22,98,78,26,11,9,10,18,0.3786,0.1018,0.0378,10.665795473401795,0.5563257523673294,0.0
11809,11809,2023,203991,Clint Capela,1610612737,ATL,43,1156.3533333333332,523,488,35,30,51,35,0,0.6372105263157894,0.1417142857142857,0.1492105263157894,25.02871429085492,4.4845929689551935,0.0
11810,11810,2023,1629632,Coby White,1610612741,CHI,51,1135.24,449,137,101,38,5,41,83,0.4509999999999999,0.1521578947368421,0.0685263157894736,12.517421661981192,1.8268603265951648,0.0
11811,11811,2023,1630175,Cole Anthony,1610612753,ORL,39,976.8883333333332,469,179,160,23,24,58,42,0.6044,0.18575,0.1041,17.960178883958978,2.744831059693459,0.0
11812,11812,2023,1629012,Collin Sexton,1610612762,UTA,47,1129.4366666666667,670,104,135,27,6,84,48,0.6683076923076924,0.246,0.1066153846153846,18.501683999897487,4.028876967185024,0.0
11813,11813,2023,1630557,Corey Kispert,1610612764,WAS,50,1360.0683333333334,474,135,62,29,6,39,93,0.5972857142857143,0.1337142857142857,0.0605,12.093381535646344,2.801271710590453,0.0
11814,11814,2023,202709,Cory Joseph,1610612765,DET,40,633.4533333333334,187,52,132,17,5,30,25,0.4490909090909091,0.1377857142857143,0.074,11.836201608008086,1.154095348763987,0.0
11815,11815,2023,1626156,D'Angelo Russell,1610612747,LAL,57,1868.655,1019,175,351,61,21,152,154,0.5549333333333333,0.2162,0.1026,18.8804252323621,6.231471120304577,0.0
11816,11816,2023,1630227,Daishen Nix,1610612745,HOU,41,635.9866666666667,151,71,104,26,6,58,29,0.4872142857142857,0.1444375,0.0784285714285714,7.986823662741665,0.0641352006646804,0.0
11817,11817,2023,1630625,Dalano Banton,1610612761,TOR,26,246.02666666666667,120,35,29,12,12,15,13,0.4243636363636364,0.1844615384615384,0.0767272727272727,16.572221660899835,0.4442133153363018,0.0
11818,11818,2023,1631207,Dalen Terry,1610612741,CHI,23,114.55833333333334,35,17,14,4,4,6,2,0.321,0.043047619047619,0.0245,11.500262899996898,0.0680549637639115,0.0
11819,11819,2023,1627745,Damian Jones,1610612762,UTA,23,184.0016666666667,62,57,4,3,14,9,0,0.3979999999999999,0.0639411764705882,0.2725555555555555,16.94169755944369,0.4031405948256605,0.0
11821,11821,2023,1627814,Damion Lee,1610612756,PHX,60,1323.835,528,192,91,28,6,70,98,0.65865,0.1377,0.1026,12.29024290536111,2.5384182222493443,0.0
11822,11822,2023,1629655,Daniel Gafford,1610612764,WAS,56,1049.4316666666666,469,295,52,20,74,53,0,0.7295789473684211,0.1490526315789473,0.1297368421052631,23.68958084137048,4.092098416075133,0.0
11823,11823,2023,1627863,Danuel House Jr.,1610612755,PHI,37,546.33,162,65,25,8,7,16,24,0.6427272727272727,0.0910714285714285,0.0661818181818181,9.454584112154006,0.7456496843222662,0.0
11824,11824,2023,203967,Dario Saric,1610612760,OKC,38,547.0233333333333,227,147,57,14,5,38,28,0.3097999999999999,0.0769499999999999,0.0113,14.37154004354559,1.1051481383765445,0.0
11825,11825,2023,1629647,Darius Bazley,1610612756,PHX,36,555.2783333333333,196,122,32,19,29,22,18,0.3875,0.1498,0.0616,14.77230400846584,0.8046828466412588,0.0
11826,11826,2023,1629636,Darius Garland,1610612739,CLE,51,1793.845,1109,139,406,64,5,151,130,0.602625,0.2643125,0.13925,22.49482274010974,8.198596795478275,0.0
11827,11827,2023,1630561,David Duke Jr.,1610612751,BKN,16,141.22333333333333,46,15,12,6,1,13,0,0.2482857142857142,0.1695,-0.1018571428571428,4.977347781150788,-0.1172060281407662,0.0
11828,11828,2023,1631223,David Roddy,1610612763,MEM,46,816.6116666666667,291,123,30,23,12,43,39,0.4717619047619047,0.1525,0.0282857142857142,8.987828248540383,0.5047259619704523,0.0
11829,11829,2023,1630558,Davion Mitchell,1610612758,SAC,56,998.9133333333332,312,75,118,28,11,46,42,0.511875,0.1364117647058823,0.053625,9.8948391065861,1.213974352789893,0.0
11830,11830,2023,202722,Davis Bertans,1610612742,DAL,34,360.31,141,32,12,7,3,9,37,0.4012,0.1605384615384615,0.0264,11.32165337917684,0.7350116602678103,0.0
11831,11831,2023,1628432,Davon Reed,1610612747,LAL,37,325.58166666666665,86,57,20,13,4,20,17,0.3936,0.1025714285714285,0.0215333333333333,6.902060119598818,-0.033711595480035,0.0
11832,11832,2023,1630549,Day'Ron Sharpe,1610612751,BKN,32,327.05,128,123,23,5,16,27,4,0.7195,0.1062857142857142,0.2205,17.79555629573072,0.821637598770651,0.0
11834,11834,2023,1629631,De'Andre Hunter,1610612737,ATL,49,1566.96,779,215,70,27,10,61,78,0.5511052631578948,0.2106315789473684,0.0639473684210526,13.694231746858186,3.4563303018914624,0.0
11835,11835,2023,1629001,De'Anthony Melton,1610612755,PHI,54,1537.0566666666666,577,226,145,93,29,75,118,0.6197692307692308,0.1649285714285714,0.1133076923076923,14.976140759675763,2.579576286463264,0.0
11836,11836,2023,201599,DeAndre Jordan,1610612743,DEN,34,497.555,167,167,31,8,22,42,1,0.6814705882352942,0.0943809523809523,0.1167647058823529,16.13352790428927,0.8716468408357808,0.0
11838,11838,2023,1629731,Dean Wade,1610612739,CLE,31,671.2883333333333,169,116,28,21,15,13,36,0.5588571428571428,0.0944285714285714,0.0777142857142857,10.969643440278148,1.019652561431633,0.0
11839,11839,2023,1629028,Deandre Ayton,1610612756,PHX,51,1539.56,956,515,104,29,37,98,7,0.6407222222222222,0.2277777777777777,0.1445,24.136861964169903,5.62793721945465,0.0
11840,11840,2023,1627749,Dejounte Murray,1610612737,ATL,54,1972.4333333333327,1120,297,328,83,18,121,110,0.5594761904761905,0.2408095238095238,0.1391428571428571,19.837469148578435,6.173519332654014,0.0
11841,11841,2023,1626153,Delon Wright,1610612764,WAS,29,652.8916666666667,180,93,107,58,8,28,20,0.4931666666666667,0.1305,0.1014999999999999,17.796504256416082,1.5646540723982263,0.0
11842,11842,2023,1630166,Deni Avdija,1610612764,WAS,56,1471.8033333333333,508,350,141,50,27,81,50,0.5127222222222222,0.1563888888888888,0.0577777777777777,13.305741640417756,2.275662119424668,0.0
11843,11843,2023,203471,Dennis Schroder,1610612747,LAL,45,1379.2916666666667,557,118,189,32,5,71,54,0.4952499999999999,0.1665,0.063875,12.983145367358537,2.867752156699252,0.0
11844,11844,2023,1628372,Dennis Smith Jr.,1610612766,CHA,38,951.1,320,105,168,52,17,59,15,0.4984444444444444,0.1573333333333333,0.1008888888888888,12.71553424582306,0.9970408710796288,0.0
11845,11845,2023,1631220,Dereon Seabron,1610612740,NOP,5,11.6,4,1,0,0,0,0,0,0.0,0.0,0.0,5.4558523878583145,,0.0
11846,11846,2023,1627884,Derrick Jones Jr.,1610612741,CHI,46,697.6433333333333,248,121,28,22,30,20,18,0.5010714285714285,0.1181052631578947,0.0800714285714285,15.966666555971893,1.7913196435035907,0.0
11847,11847,2023,201565,Derrick Rose,1610612752,NYK,26,335.515,152,40,46,7,5,22,19,0.45375,0.1627222222222222,0.02975,12.04897212161873,0.4489637593557616,0.0
11848,11848,2023,1628401,Derrick White,1610612738,BOS,59,1636.105,694,196,229,44,54,63,106,0.6192,0.1551999999999999,0.0975999999999999,17.004531830529107,4.970455839497987,0.0
11849,11849,2023,1630217,Desmond Bane,1610612763,MEM,35,1092.61,752,171,146,35,13,77,106,0.5237,0.2496999999999999,0.0994,21.991276652357268,4.287489912759051,0.0
11850,11850,2023,1626164,Devin Booker,1610612756,PHX,33,1117.4733333333334,877,150,183,29,12,82,73,0.5715294117647058,0.2999411764705882,0.1385294117647058,24.19233816587412,5.089038082758052,0.0
11851,11851,2023,1630170,Devin Vassell,1610612759,SAS,29,906.595,563,115,104,35,12,45,82,0.5605882352941176,0.241,0.1102941176470588,19.026154473567043,2.670447265473544,0.0
11852,11852,2023,1629653,Devon Dotson,1610612764,WAS,6,53.1,3,10,8,5,0,3,1,0.0,0.0417499999999999,-0.0245,5.596462729989994,,0.0
11853,11853,2023,1628984,Devonte' Graham,1610612759,SAS,57,922.1283333333332,342,82,135,35,12,31,78,0.4940526315789474,0.1456842105263158,0.0800526315789473,13.902720400172806,2.161683895184464,0.0
11854,11854,2023,203473,Dewayne Dedmon,1610612755,PHI,30,349.825,171,109,16,7,14,19,11,0.511,0.1868181818181818,0.0882727272727272,17.493762178271414,0.857067212641604,0.0
11855,11855,2023,1628415,Dillon Brooks,1610612763,MEM,52,1584.6233333333332,767,170,134,44,10,79,94,0.4729473684210526,0.2383157894736841,0.0544210526315789,10.310005280507273,1.860215870778264,0.0
11857,11857,2023,1631230,Dominick Barlow,1610612759,SAS,10,95.155,35,23,7,2,2,6,0,0.605,0.1166,0.12275,14.909245676235258,0.2577469327692596,0.0
11859,11859,2023,1628978,Donte DiVincenzo,1610612744,GSW,48,1209.5833333333333,430,199,159,63,5,70,99,0.5142307692307692,0.1571538461538461,0.0992307692307692,14.176860089709091,2.384166244167382,0.0
11860,11860,2023,1627827,Dorian Finney-Smith,1610612751,BKN,44,1406.09,390,214,63,38,20,40,81,0.4736923076923077,0.1349230769230769,0.0526153846153846,10.814525230306536,2.0334134568917204,0.0
11861,11861,2023,203926,Doug McDermott,1610612759,SAS,51,1043.2016666666666,509,112,74,9,6,48,95,0.5984444444444444,0.1855555555555555,0.0823888888888889,12.75047579189228,2.306229149812728,0.0
11862,11862,2023,203110,Draymond Green,1610612744,GSW,52,1645.888333333333,424,380,358,50,42,134,32,0.6019473684210526,0.1261052631578947,0.093,13.89292906879136,3.2456659956051293,0.0
11863,11863,2023,1629234,Drew Eubanks,1610612757,POR,56,1092.611666666667,332,276,64,28,67,44,3,0.6917777777777778,0.1105263157894737,0.089,18.025651887563384,3.0005512721066747,0.0
11864,11864,2023,1630696,Dru Smith,1610612751,BKN,8,96.52666666666669,22,15,10,8,3,2,2,0.1776666666666666,0.0222222222222222,0.0073333333333333,12.76408916427943,,0.0
11865,11865,2023,1630613,Duane Washington Jr.,1610612752,NYK,31,393.82666666666665,244,36,63,6,4,34,40,0.3698,0.1669285714285714,-0.0091999999999999,11.562385445134009,0.4028573685062706,0.0
11866,11866,2023,1629130,Duncan Robinson,1610612748,MIA,29,523.8166666666667,200,57,35,9,0,19,48,0.5833636363636363,0.1274285714285714,0.0634545454545454,8.827115165313565,0.6054896766741118,0.0
11867,11867,2023,203939,Dwight Powell,1610612742,DAL,55,1083.368333333333,374,235,44,35,23,50,0,0.7605882352941177,0.1240588235294117,0.0784117647058823,17.934485722156637,3.834868602656636,0.0
11868,11868,2023,1630700,Dyson Daniels,1610612740,NOP,39,777.7566666666667,176,138,96,34,10,43,20,0.5263333333333333,0.1540588235294117,0.1251333333333333,10.662679480830636,0.7470889427977049,0.0
11869,11869,2023,1628410,Edmond Sumner,1610612751,BKN,46,668.47,342,72,66,30,9,44,28,0.4892857142857142,0.1558125,0.0445,16.672297439377825,1.77752141750078,0.0
11870,11870,2023,201569,Eric Gordon,1610612746,LAC,49,1466.3416666666667,635,101,146,32,19,83,88,0.4801428571428571,0.1606428571428571,0.062,13.293120860495437,2.8280574015500286,0.0
11871,11871,2023,1630647,Eugene Omoruyi,1610612765,DET,23,272.3233333333333,113,52,11,14,0,16,8,0.578375,0.1825,-0.11025,12.307073436126306,0.3806306062819277,0.0
11872,11872,2023,203095,Evan Fournier,1610612752,NYK,23,413.86,157,45,35,14,3,19,33,0.5826666666666667,0.0898947368421052,0.0458888888888888,9.19516392407768,0.5205574101385901,0.0
11873,11873,2023,1630596,Evan Mobley,1610612739,CLE,59,2015.6566666666668,928,526,158,46,80,120,14,0.6034736842105263,0.183578947368421,0.1216315789473684,19.597715376696407,5.354842867970955,0.0
11874,11874,2023,1630267,Facundo Campazzo,1610612742,DAL,8,52.16166666666667,10,2,9,6,0,3,3,0.0713333333333333,0.038375,-0.0436666666666666,9.096750371292188,-0.0278668350486898,0.0
11875,11875,2023,1626163,Frank Kaminsky,1610612745,HOU,28,195.555,75,40,27,5,3,9,11,0.6654545454545455,0.05272,0.0793636363636363,17.238071216942277,0.6300349136032029,0.0
11876,11876,2023,1628373,Frank Ntilikina,1610612742,DAL,36,431.6116666666667,91,46,40,8,4,24,11,0.554125,0.0741333333333333,0.030375,4.114690496598626,-0.1604631337606085,0.0
11877,11877,2023,1630532,Franz Wagner,1610612753,ORL,58,1923.7083333333333,1096,228,205,54,11,124,96,0.6019411764705883,0.2475294117647059,0.1205294117647058,18.13917063789728,6.034357844238789,0.0
11878,11878,2023,1627832,Fred VanVleet,1610612761,TOR,50,1846.8566666666663,985,216,332,79,31,95,150,0.4985,0.2344166666666666,0.0938333333333333,19.6126952694101,6.865025828725552,0.0
11879,11879,2023,1627788,Furkan Korkmaz,1610612755,PHI,25,254.7033333333333,95,29,18,6,3,15,12,0.3655,0.1263571428571428,0.1045,10.266938110268107,0.1928170035051319,0.0
11880,11880,2023,1629216,Gabe Vincent,1610612748,MIA,45,1182.91,449,103,117,42,4,67,80,0.4135,0.1551666666666666,0.0324,10.603433264767322,1.2573820601594452,0.0
11881,11881,2023,202066,Garrett Temple,1610612740,NOP,18,129.1233333333333,42,11,10,9,1,3,9,0.3711428571428571,0.0677368421052631,-0.0345714285714285,12.877107730721075,0.2531859203892621,0.0
11882,11882,2023,1629726,Garrison Mathews,1610612737,ATL,46,605.7083333333334,217,63,23,23,4,18,54,0.596125,0.1164705882352941,0.0384375,10.50309329245573,1.0536724305898948,0.0
11883,11883,2023,203914,Gary Harris,1610612753,ORL,30,735.22,260,64,36,27,5,21,55,0.5721666666666666,0.1311428571428571,0.053,12.81510048302751,1.6422565904428443,0.0
11884,11884,2023,1627780,Gary Payton II,1610612744,GSW,15,255.26,61,39,22,16,1,12,9,,0.0,,12.145185962890205,0.4481170889276792,0.0
11885,11885,2023,1629018,Gary Trent Jr.,1610612761,TOR,50,1681.8633333333332,932,128,81,83,14,46,132,0.6064999999999999,0.1465,0.0985,17.961351056526606,5.10210395318063,0.0
11886,11886,2023,201588,George Hill,1610612754,IND,36,676.6366666666667,175,67,89,20,3,27,23,0.5490833333333334,0.0947333333333333,0.0760833333333333,11.073923461698204,1.2512160541575463,0.0
11887,11887,2023,1627777,Georges Niang,1610612755,PHI,55,1088.5483333333334,485,137,63,23,11,40,119,0.5777692307692308,0.1701538461538461,0.0693846153846153,13.593523574908588,2.234194540649042,0.0
11889,11889,2023,1629048,Goga Bitadze,1610612753,ORL,21,202.185,69,49,18,9,10,12,4,0.5708888888888889,0.0608636363636363,0.0515555555555555,16.641356641513674,0.4341343502336478,0.0
11890,11890,2023,201609,Goran Dragic,1610612749,MIL,51,787.09,326,69,139,11,4,56,45,0.4730999999999999,0.20475,0.06865,11.499261006365414,1.295178859341336,0.0
11891,11891,2023,202330,Gordon Hayward,1610612766,CHA,34,1059.4016666666666,473,143,123,30,7,63,35,0.5062727272727273,0.191,0.0815454545454545,14.499331051198665,1.994734320291668,0.0
11892,11892,2023,203476,Gorgui Dieng,1610612759,SAS,19,193.045,65,53,28,2,7,16,12,0.4627,0.0760952380952381,0.0848,12.734008102315183,0.2783335209544385,0.0
11893,11893,2023,1629684,Grant Williams,1610612738,BOS,58,1616.395,507,281,106,37,22,66,89,0.6984666666666667,0.1074,0.0886,12.067001166357445,3.0259632526280007,0.0
11894,11894,2023,1628960,Grayson Allen,1610612749,MIL,54,1491.1716666666666,566,184,130,44,10,59,106,0.6421428571428571,0.1251333333333333,0.1012142857142857,14.361090887139287,3.9286821729786463,0.0
11895,11895,2023,1630535,Greg Brown III,1610612757,POR,16,93.09166666666668,28,19,3,4,5,6,1,0.4366666666666667,0.0699333333333333,0.0498333333333333,6.72186667923507,-0.10336872026199,0.0
11896,11896,2023,1628977,Hamidou Diallo,1610612765,DET,50,841.1316666666667,434,167,47,45,14,59,5,0.5517500000000001,0.1775714285714285,0.0911666666666666,18.40168933440705,1.8962457769223056,0.0
11897,11897,2023,203084,Harrison Barnes,1610612758,SAC,57,1860.9183333333333,848,262,90,43,7,65,95,0.6618235294117647,0.165,0.106,15.555030845990665,5.237586584836867,0.0
11898,11898,2023,1629312,Haywood Highsmith,1610612748,MIA,43,846.73,206,161,30,33,15,35,35,0.2141666666666666,0.078625,0.0320833333333333,9.751447168428212,0.4642645760324243,0.0
11899,11899,2023,1630529,Herbert Jones,1610612740,NOP,43,1238.9816666666666,415,164,93,72,28,56,32,0.55325,0.15975,0.0555,13.076480385625452,1.9506235213062333,0.0
11900,11900,2023,1630193,Immanuel Quickley,1610612752,NYK,59,1636.5433333333333,747,238,187,50,8,63,101,0.5168947368421053,0.2053684210526316,0.1076842105263157,16.250477667573,5.0997031571060445,0.0
11901,11901,2023,1630171,Isaac Okoro,1610612739,CLE,61,1294.9116666666666,386,155,70,44,26,37,47,0.6123684210526316,0.1342631578947368,0.045,12.29329917767884,2.3690919317857184,0.0
11902,11902,2023,1628392,Isaiah Hartenstein,1610612752,NYK,60,1181.36,312,396,52,34,50,49,8,0.5953684210526315,0.1282105263157894,0.1006842105263157,16.04737134141237,2.577595833609716,0.0
11903,11903,2023,1630543,Isaiah Jackson,1610612754,IND,45,688.575,306,175,40,19,66,39,2,0.60425,0.1232727272727272,0.1155625,20.17535663821989,1.8491965910082224,0.0
11904,11904,2023,1630198,Isaiah Joe,1610612760,OKC,49,770.885,409,109,53,29,6,21,104,0.3711818181818182,0.1020714285714285,0.0467272727272727,19.065601260925,2.8958323115422115,0.0
11905,11905,2023,1630587,Isaiah Livers,1610612765,DET,37,781.98,202,88,23,19,20,22,46,0.47425,0.1225,0.017875,8.380630391896773,0.8032545299788206,0.0
11906,11906,2023,1630600,Isaiah Mobley,1610612739,CLE,8,26.05666666666667,9,11,0,1,0,0,1,0.25,0.1031666666666666,0.20325,16.67614382711644,,0.0
11907,11907,2023,1629676,Isaiah Roby,1610612752,NYK,42,473.6283333333333,172,108,38,18,7,31,18,0.496,0.12325,0.1361111111111111,11.39888637480036,0.4047748362632295,0.0
11908,11908,2023,1630191,Isaiah Stewart,1610612765,DET,48,1367.9083333333333,552,386,66,20,32,67,64,0.6246363636363637,0.1481818181818181,0.0934545454545454,15.021824644122251,2.7694076313368154,0.0
11909,11909,2023,1630225,Isaiah Todd,1610612764,WAS,4,12.583333333333334,2,0,0,0,0,0,0,0.5,0.0333333333333333,0.04,-3.7679400504891225,,0.0
11910,11910,2023,202397,Ish Smith,1610612743,DEN,30,310.5516666666667,85,42,73,6,6,35,2,0.3299999999999999,0.127,0.0234444444444444,7.61004708637095,-0.1009516491421356,0.0
11911,11911,2023,1630688,Ish Wainright,1610612756,PHX,42,653.2716666666666,179,90,43,35,13,19,40,0.428125,0.0863571428571428,0.0645,11.16823411447118,1.0266140324134436,0.0
11912,11912,2023,1627826,Ivica Zubac,1610612746,LAC,59,1733.4566666666667,602,598,62,23,77,101,0,0.62805,0.15695,0.1099499999999999,17.682339237787502,4.1965469334249335,0.0
11913,11913,2023,1631120,JD Davison,1610612738,BOS,6,13.75,4,2,1,1,0,1,0,0.5,0.0715,0.2,-2.3917154250949824,,0.0
11914,11914,2023,1630550,JT Thor,1610612766,CHA,47,506.26666666666665,121,82,18,11,11,22,15,0.3741111111111111,0.106875,0.0395555555555555,6.8489018548495055,0.0827638259953943,0.0
11916,11916,2023,203210,JaMychal Green,1610612744,GSW,38,557.6216666666667,250,149,36,18,13,42,26,0.4945,0.1358235294117647,0.058,16.482463126779702,1.3372302470566606,0.0
11917,11917,2023,201580,JaVale McGee,1610612742,DAL,36,292.6066666666667,147,93,10,4,21,31,1,0.6996249999999999,0.0946666666666666,0.081625,18.8523895678398,0.4864354079212773,0.0
11918,11918,2023,1631095,Jabari Smith Jr.,1610612745,HOU,55,1646.165,660,387,65,28,53,81,88,0.4862941176470587,0.1826470588235294,0.0590588235294117,11.548312526439418,1.838519990858052,0.0
11919,11919,2023,1631133,Jabari Walker,1610612757,POR,38,334.86,106,80,20,4,6,14,5,0.4282222222222222,0.0596842105263157,0.0177777777777777,12.269216789778993,0.6546244517824777,0.0
11920,11920,2023,1631298,Jack White,1610612743,DEN,14,43.06666666666667,12,7,0,1,2,1,1,0.25,0.131,-0.0012499999999999,6.670408471316919,0.008362252027342,0.0
11921,11921,2023,1630702,Jaden Hardy,1610612742,DAL,31,366.83,202,43,25,9,3,26,24,0.1666666666666666,0.0918888888888888,-0.2706666666666666,13.518436085193292,0.5644581717147602,0.0
11922,11922,2023,1631093,Jaden Ivey,1610612765,DET,55,1653.1416666666669,838,217,253,51,13,156,76,0.47,0.2211538461538461,0.059,14.006089734439565,2.897942973476505,0.0
11923,11923,2023,1630183,Jaden McDaniels,1610612750,MIN,58,1770.0883333333334,662,225,118,55,57,84,72,0.5664666666666667,0.1502,0.0475333333333333,13.327143433297367,3.502621974662236,0.0
11924,11924,2023,1630531,Jaden Springer,1610612755,PHI,7,26.216666666666665,17,7,1,2,2,1,0,0.0,0.048,-0.35,29.21837102861604,0.13499709327722,0.0
11925,11925,2023,1630256,Jae'Sean Tate,1610612745,HOU,20,419.93666666666667,154,77,51,11,4,33,8,0.7,0.143,0.048,11.365866318183368,0.5333083203982224,0.0
11926,11926,2023,1631222,Jake LaRavia,1610612763,MEM,30,381.43666666666667,96,59,21,12,4,18,21,0.4129285714285715,0.0859411764705882,0.0165714285714285,7.683191209027581,0.313418492258584,0.0
11927,11927,2023,1627751,Jakob Poeltl,1610612761,TOR,49,1277.99,598,434,146,39,61,101,0,0.6463125,0.1884375,0.13725,24.628895074786563,4.357642386692499,0.0
11928,11928,2023,1628973,Jalen Brunson,1610612752,NYK,56,1965.42,1341,203,347,51,15,114,106,0.5935,0.2391111111111111,0.1386666666666666,23.875689073297163,10.827203888636284,0.0
11929,11929,2023,1631105,Jalen Duren,1610612765,DET,51,1282.515,441,446,55,31,46,61,0,0.5284545454545454,0.1141818181818181,0.0684545454545454,19.275999557116545,3.605253742296756,0.0
11930,11930,2023,1630224,Jalen Green,1610612745,HOU,54,1832.8366666666664,1176,216,195,41,13,154,137,0.535235294117647,0.2797647058823529,0.0983529411764705,15.973256807714469,4.633936718452784,0.0
11931,11931,2023,1630552,Jalen Johnson,1610612737,ATL,55,789.9583333333334,287,213,50,25,24,27,23,0.4741666666666666,0.146125,0.083,15.269059628176072,1.4788913601568046,0.0
11932,11932,2023,1629667,Jalen McDaniels,1610612755,PHI,59,1549.9066666666668,612,283,115,67,29,80,67,0.5721875,0.1636875,0.0765625,13.709619006451131,2.179734645022896,0.0
11933,11933,2023,1630188,Jalen Smith,1610612754,IND,51,928.1633333333332,463,285,48,17,39,57,41,0.5171363636363636,0.1995454545454545,0.0823181818181818,17.476834256910838,2.0976146216702576,0.0
11934,11934,2023,1630591,Jalen Suggs,1610612753,ORL,34,780.8816666666667,321,91,117,44,16,65,39,0.3625,0.2095,0.0445,14.508182885541457,1.0964256365287743,0.0
11935,11935,2023,1631114,Jalen Williams,1610612760,OKC,53,1539.29,646,219,153,66,29,83,46,0.6177272727272727,0.1860909090909091,0.0594545454545454,15.32704580648445,3.2236165253454394,0.0
11936,11936,2023,1631288,Jamal Cain,1610612748,MIA,13,180.85666666666663,64,38,8,8,0,4,2,0.545,0.0538571428571428,0.1036666666666666,15.89230930244058,0.4474374353221205,0.0
11937,11937,2023,1627750,Jamal Murray,1610612743,DEN,45,1463.6466666666668,910,186,261,43,9,94,108,0.51545,0.2553999999999999,0.107,21.133794749707604,5.75794550433942,0.0
11938,11938,2023,1630547,James Bouknight,1610612766,CHA,26,353.68333333333334,111,51,28,13,4,19,16,0.4087777777777777,0.0915624999999999,0.037,6.32484468311534,-0.1406919404459478,0.0
11939,11939,2023,201935,James Harden,1610612755,PHI,41,1493.5383333333334,878,253,444,49,24,139,115,0.5967,0.2667,0.1599999999999999,25.471763050759925,7.552496405600292,0.0
11940,11940,2023,201949,James Johnson,1610612754,IND,12,97.785,26,16,7,4,5,5,3,0.2332,0.0469047619047619,-0.0866,6.282675845048444,0.0052888034631772,0.0
11941,11941,2023,1630164,James Wiseman,1610612765,DET,22,285.645,156,78,14,3,7,14,1,0.5868461538461538,0.1848,0.0851538461538461,20.600836114970367,1.0185402850716594,0.0
11943,11943,2023,1629020,Jarred Vanderbilt,1610612747,LAL,55,1320.9783333333332,456,427,151,57,16,70,19,0.7196666666666667,0.1372,0.133,18.86855257696096,3.6431488073587857,0.0
11944,11944,2023,1628386,Jarrett Allen,1610612739,CLE,54,1797.595,794,532,91,43,66,81,1,0.6469333333333334,0.14275,0.1358666666666666,22.77234443178935,6.461594489826851,0.0
11945,11945,2023,1629633,Jarrett Culver,1610612737,ATL,10,136.875,44,38,6,6,2,7,1,0.3576666666666666,0.0967894736842105,-0.0124444444444444,10.917375976176942,0.0602657751914034,0.0
11946,11946,2023,1630554,Jason Preston,1610612746,LAC,13,122.085,41,22,27,2,0,10,5,0.1666666666666666,0.08675,-0.0569999999999999,11.915096184395642,0.1222299872480852,0.0
11947,11947,2023,1629750,Javonte Green,1610612741,CHI,28,449.25666666666666,164,82,23,22,20,20,13,0.6576111111111111,0.1272777777777777,0.0778888888888888,17.456003306529617,1.1192807477812254,0.0
11948,11948,2023,1629637,Jaxson Hayes,1610612740,NOP,33,438.41333333333336,164,97,24,13,11,20,3,0.4265555555555556,0.0547368421052631,0.0401111111111111,15.33922536945563,0.9825783583252188,0.0
11950,11950,2023,1629669,Jaylen Nowell,1610612750,MIN,61,1200.5216666666668,674,163,124,39,4,61,66,0.515375,0.2570625,0.0691875,15.573889027585702,2.655065172500091,0.0
11951,11951,2023,1631119,Jaylin Williams,1610612760,OKC,25,393.39,132,114,35,10,4,16,18,0.208,0.0395454545454545,0.0373333333333333,13.799068122619554,0.7823977354113396,0.0
11953,11953,2023,1630288,Jeff Dowtin Jr.,1610612761,TOR,15,102.485,28,14,12,3,1,3,1,0.4564,0.07875,0.0688,12.81861050445747,0.1860354712052463,0.0
11954,11954,2023,201145,Jeff Green,1610612743,DEN,37,710.7416666666667,292,93,44,15,9,34,15,0.5427857142857143,0.1712142857142857,0.0588571428571428,12.237943828352147,1.3026341024051598,0.0
11955,11955,2023,203924,Jerami Grant,1610612757,POR,54,1926.735,1121,234,125,43,44,97,123,0.5798823529411765,0.2181176470588235,0.0904705882352941,18.803294438195174,6.585432994874031,0.0
11956,11956,2023,1630526,Jeremiah Robinson-Earl,1610612760,OKC,28,584.5466666666666,230,135,25,21,11,16,29,0.7725454545454545,0.1346666666666666,0.0987272727272727,16.58585007626383,1.5832552486439322,0.0
11957,11957,2023,1631110,Jeremy Sochan,1610612759,SAS,48,1242.12,479,236,121,36,22,83,28,0.439578947368421,0.1786315789473684,0.0490526315789473,12.211754609763052,1.413142841401783,0.0
11958,11958,2023,1630579,Jericho Sims,1610612752,NYK,47,766.97,172,230,24,15,27,24,0,0.61675,0.0594210526315789,0.0949375,15.880013152619256,1.9572079604303507,0.0
11959,11959,2023,1628975,Jevon Carter,1610612749,MIL,58,1307.2166666666667,437,149,149,57,25,63,91,0.57825,0.148125,0.083625,12.63455166980522,2.279628240886658,0.0
11960,11960,2023,202710,Jimmy Butler,1610612748,MIA,44,1482.33,955,263,223,88,16,74,23,0.6495,0.2263333333333333,0.1805,28.950451582818665,7.902395133281078,0.0
11961,11961,2023,1629111,Jock Landale,1610612756,PHX,51,721.1816666666666,335,204,46,13,23,47,17,0.5278235294117648,0.16595,0.0721764705882352,18.28711674951544,2.047242675163792,0.0
11962,11962,2023,203925,Joe Harris,1610612751,BKN,51,1215.236666666667,437,134,83,26,13,32,104,0.5447692307692308,0.1240714285714285,0.0523076923076923,12.17024011618502,2.538540692658441,0.0
11963,11963,2023,204060,Joe Ingles,1610612749,MIL,25,562.5916666666667,155,72,81,14,3,29,38,0.3419999999999999,0.17675,0.0194999999999999,10.063017630090917,0.808919284568,0.0
11965,11965,2023,1631219,John Butler Jr.,1610612757,POR,8,25.78333333333333,2,2,1,0,2,0,0,0.25,0.0333333333333333,0.147,3.82714990395898,,0.0
11966,11966,2023,1628381,John Collins,1610612737,ATL,50,1554.9316666666666,662,354,62,34,62,59,40,0.5775555555555555,0.1670555555555555,0.0987222222222222,15.569287814461026,3.164548035189844,0.0
11967,11967,2023,1629723,John Konchar,1610612763,MEM,49,1096.9033333333334,288,231,70,50,13,29,52,0.5547272727272727,0.1117727272727272,0.0911818181818182,12.402024204185018,1.6545233080338886,0.0
11968,11968,2023,202322,John Wall,1610612746,LAC,34,754.73,386,92,178,27,12,80,33,0.5316875,0.2605625,0.08775,15.570479527462734,1.0930799242434563,0.0
11969,11969,2023,1631098,Johnny Davis,1610612764,WAS,13,61.55,16,8,2,1,1,2,1,0.2776666666666667,0.0558,0.994,2.31954093442078,-0.0163082797515301,0.0
11970,11970,2023,202685,Jonas Valanciunas,1610612740,NOP,58,1432.82,836,565,96,16,28,111,31,0.5609473684210526,0.2134736842105263,0.1183157894736842,22.24149455521685,4.885335220512537,0.0
11971,11971,2023,1630228,Jonathan Kuminga,1610612744,GSW,46,886.1383333333333,388,141,81,22,20,67,32,0.5058333333333334,0.1572380952380952,0.0345,12.449024975664129,1.2855570542350927,0.0
11972,11972,2023,203903,Jordan Clarkson,1610612762,UTA,58,1885.8666666666663,1220,235,245,30,13,174,153,0.5623125,0.27925,0.09825,17.294818690823035,5.469459582120961,0.0
11973,11973,2023,1630692,Jordan Goodwin,1610612764,WAS,40,720.9183333333333,253,130,98,41,21,36,26,0.4531538461538461,0.1026842105263158,-0.093076923076923,16.829659504662697,1.559433136623369,0.0
11974,11974,2023,1631160,Jordan Hall,1610612759,SAS,9,82.66,28,12,11,1,0,7,3,0.4798333333333333,0.1532222222222222,0.1098333333333333,6.410299301859383,0.0042154221448661,0.0
11975,11975,2023,1629162,Jordan McLaughlin,1610612750,MIN,24,366.58,84,38,76,19,2,19,9,0.630875,0.107,0.11925,13.130425539411188,0.6491054051905607,0.0
11976,11976,2023,1629670,Jordan Nwora,1610612754,IND,40,623.04,236,123,39,14,7,35,41,0.506909090909091,0.0989999999999999,0.0958181818181818,11.06998647355669,0.722705539773136,0.0
11977,11977,2023,1629673,Jordan Poole,1610612744,GSW,58,1778.2733333333333,1215,164,263,47,14,192,155,0.5119523809523809,0.2692380952380952,0.0749047619047619,16.275795470825468,4.751841672527589,0.0
11978,11978,2023,1630648,Jordan Schakel,1610612764,WAS,2,6.233333333333333,3,0,1,1,0,0,1,0.75,0.04,0.12,27.147975032402087,,0.0
11979,11979,2023,1630631,Jose Alvarado,1610612740,NOP,58,1264.2816666666668,530,137,181,64,10,80,81,0.5127777777777778,0.1931666666666666,0.0748333333333333,13.52282580443452,2.105963331612815,0.0
11980,11980,2023,1630528,Josh Christopher,1610612745,HOU,40,405.8616666666667,185,44,38,16,9,38,10,0.5115000000000001,0.1378235294117647,0.1611999999999999,12.054131630354426,0.3024259245032791,0.0
11981,11981,2023,1630581,Josh Giddey,1610612760,OKC,52,1602.3916666666669,847,403,306,39,25,158,49,0.5393076923076923,0.237,0.111076923076923,18.7667805969002,3.9414311990285262,0.0
11982,11982,2023,1630182,Josh Green,1610612742,DAL,40,995.025,369,108,64,35,3,41,46,0.62,0.1360833333333333,0.064,14.482959757642828,2.613130802033595,0.0
11983,11983,2023,1628404,Josh Hart,1610612752,NYK,54,1782.4283333333333,538,433,208,59,10,81,43,0.6929444444444445,0.1172777777777777,0.1162777777777777,15.492939371083944,4.513687813870067,0.0
11984,11984,2023,1631169,Josh Minott,1610612750,MIN,11,68.37166666666667,35,22,3,3,6,0,1,0.6256,0.1037777777777777,0.1163999999999999,25.58643882382478,0.2835638869284823,0.0
11985,11985,2023,1629006,Josh Okogie,1610612756,PHX,50,748.1766666666666,315,160,62,35,22,42,37,0.3524736842105263,0.17255,0.0342631578947368,17.04837038557457,1.791431457983795,0.0
11986,11986,2023,1626196,Josh Richardson,1610612740,NOP,44,1049.5416666666667,499,124,142,47,14,65,75,0.5128571428571428,0.1836666666666666,0.0697857142857142,16.190488934186895,2.362540352825874,0.0
11987,11987,2023,1630563,Joshua Primo,1610612759,SAS,4,93.36166666666666,28,13,18,1,2,11,3,0.4986666666666666,0.1869999999999999,0.0466666666666666,7.084330627790545,-0.0136935073577095,0.0
11989,11989,2023,1629308,Juan Toscano-Anderson,1610612762,UTA,31,389.915,88,71,26,11,7,18,5,0.4942999999999999,0.0763846153846153,0.1223,9.131308324852109,0.3966212102846213,0.0
11990,11990,2023,1627823,Juancho Hernangomez,1610612761,TOR,41,608.795,122,122,24,16,6,15,17,0.3789166666666666,0.0929285714285714,0.0366666666666666,8.967569258091505,0.5619683347731925,0.0
11991,11991,2023,1630577,Julian Champagnie,1610612759,SAS,2,6.666666666666667,0,0,0,1,0,0,0,0.0,0.1943333333333333,-0.1,-4.392213860276983,,0.0
11993,11993,2023,1630551,Justin Champagnie,1610612738,BOS,3,10.916666666666666,6,4,1,0,0,0,0,0.5,0.0178571428571428,0.1745,32.137031429326555,,0.0
11994,11994,2023,203200,Justin Holiday,1610612742,DAL,28,410.775,126,23,25,5,10,12,30,0.4485,0.11475,0.03985,7.370929030179258,,0.0
11995,11995,2023,1628382,Justin Jackson,1610612738,BOS,23,107.42333333333332,20,17,9,4,4,2,5,0.0,0.0341333333333333,0.0256,7.077247863624245,-0.0229708277208559,0.0
11996,11996,2023,1626159,Justise Winslow,1610612757,POR,29,775.7916666666666,196,145,98,30,11,43,14,0.4599411764705882,0.1308333333333333,0.0457058823529411,10.699661899403836,0.8579371885010455,0.0
11997,11997,2023,203994,Jusuf Nurkic,1610612757,POR,45,1226.4883333333332,619,425,130,39,39,110,39,0.5638235294117647,0.2069444444444444,0.1136470588235294,20.44224306261196,3.3932125977417087,0.0
11998,11998,2023,1629644,KZ Okpala,1610612758,SAC,35,248.025,46,34,13,7,7,7,7,0.5254,0.0275882352941176,0.026,7.019518670423487,0.242618152359625,0.0
11999,11999,2023,1630539,Kai Jones,1610612766,CHA,27,236.78,73,52,5,5,11,9,3,0.416625,0.065625,0.0645,12.50878316937215,0.3637554512168563,0.0
12000,12000,2023,1626157,Karl-Anthony Towns,1610612750,MIN,21,709.055,436,172,111,16,14,65,38,0.6218,0.2533999999999999,0.1415,21.6796136067123,2.6730875680972552,0.0
12001,12001,2023,202695,Kawhi Leonard,1610612746,LAC,34,1101.4,752,211,137,47,18,51,57,0.513,0.2262,0.1172,26.50304192746217,5.106705903150577,0.0
12002,12002,2023,1631099,Keegan Murray,1610612758,SAC,55,1624.5766666666666,653,253,59,40,29,49,137,0.5539411764705883,0.1722941176470588,0.0518235294117647,13.178910542210737,2.9514068534772027,0.0
12003,12003,2023,1628966,Keita Bates-Diop,1610612759,SAS,45,904.43,364,149,51,31,12,35,26,0.6547058823529411,0.131,0.0858823529411764,14.919142996916106,1.91683109366202,0.0
12004,12004,2023,1629640,Keldon Johnson,1610612759,SAS,52,1695.255,1136,246,140,37,9,108,113,0.4862222222222223,0.2665789473684211,0.0763888888888889,17.54342951700949,4.745789062675019,0.0
12005,12005,2023,203482,Kelly Olynyk,1610612762,UTA,48,1353.388333333333,582,255,158,46,27,105,70,0.6727857142857143,0.1584285714285714,0.0781428571428571,16.05031174362633,3.5402020451957066,0.0
12006,12006,2023,1626162,Kelly Oubre Jr.,1610612766,CHA,35,1141.3866666666668,706,179,42,55,13,44,80,0.5545625,0.258875,0.09,16.33160455350819,2.2375356913526745,0.0
12007,12007,2023,202689,Kemba Walker,1610612742,DAL,9,143.90166666666667,72,16,19,2,2,4,7,0.2995,0.0586666666666666,-0.0034999999999999,17.503087460489198,0.4712294693766882,0.0
12008,12008,2023,1631112,Kendall Brown,1610612754,IND,6,40.295,9,6,3,4,0,2,0,0.4623333333333333,0.1285,0.3756666666666666,10.515701108200464,0.0423701715423723,0.0
12009,12009,2023,1629134,Kendrick Nunn,1610612764,WAS,50,729.815,359,79,64,19,3,45,55,0.2736428571428571,0.1997647058823529,0.0507857142857142,12.33231681684516,0.9747827268929228,0.0
12010,12010,2023,1631113,Kennedy Chandler,1610612763,MEM,24,221.47666666666663,59,30,46,10,5,16,2,0.2184444444444444,0.0506190476190476,0.1594444444444444,10.951706657421212,0.0742045984000738,0.0
12011,12011,2023,1631254,Kenneth Lofton Jr.,1610612763,MEM,8,30.898333333333333,17,5,4,0,0,2,0,0.4026666666666667,0.1042222222222222,0.0713333333333333,7.705775559637748,0.0052622500362534,0.0
12012,12012,2023,1629026,Kenrich Williams,1610612760,OKC,49,1101.32,383,243,97,37,14,27,47,0.5690000000000001,0.1129166666666666,0.0981818181818181,16.586005366618863,3.0615655849155323,0.0
12013,12013,2023,203484,Kentavious Caldwell-Pope,1610612743,DEN,56,1758.02,638,167,134,77,24,67,109,0.6008095238095238,0.1321428571428571,0.0623333333333333,13.59110872968837,3.570682048463868,0.0
12014,12014,2023,1630231,Kenyon Martin Jr.,1610612745,HOU,58,1526.145,673,322,88,26,23,68,51,0.5181176470588236,0.1551764705882352,0.0824117647058823,17.170639339148078,4.183830076840366,0.0
12015,12015,2023,1631165,Keon Ellis,1610612758,SAC,9,35.85,19,7,3,2,1,1,5,,0.0,,25.532696071564267,0.1998329180940585,0.0
12016,12016,2023,1630553,Keon Johnson,1610612757,POR,28,273.75666666666666,114,34,26,12,4,27,19,0.5376666666666667,0.1358,0.062,7.003005202851501,-0.1853184940187756,0.0
12017,12017,2023,1630556,Kessler Edwards,1610612758,SAC,15,89.70166666666667,15,15,4,3,1,4,2,0.08325,0.0933,-0.5447500000000001,2.795578501163237,-0.1335461960018246,0.0
12019,12019,2023,1628989,Kevin Huerter,1610612758,SAC,54,1647.9366666666667,805,182,158,60,18,75,143,0.6528125,0.1760588235294117,0.09275,15.99313001840772,4.278481691827044,0.0
12020,12020,2023,1628995,Kevin Knox II,1610612757,POR,44,607.4316666666666,241,111,15,14,12,32,43,0.4779166666666667,0.1407857142857142,0.04225,11.90307992804897,1.0290315101883636,0.0
12021,12021,2023,201567,Kevin Love,1610612748,MIA,41,820.8666666666667,347,280,76,7,7,47,69,0.5357857142857142,0.1826428571428571,0.1204285714285714,15.451642380522175,1.5332605641462471,0.0
12022,12022,2023,1629645,Kevin Porter Jr.,1610612745,HOU,40,1358.9,767,218,225,53,16,143,88,0.5495,0.2624375,0.115125,17.69521791586225,3.3104926557161454,0.0
12023,12023,2023,1630284,Kevon Harris,1610612753,ORL,27,336.1,97,53,12,13,3,16,11,0.5651666666666667,0.0996,0.0665833333333333,10.164768612775314,0.4321342983320024,0.0
12024,12024,2023,1626172,Kevon Looney,1610612744,GSW,58,1354.0433333333333,396,510,148,32,33,28,0,0.649952380952381,0.0976190476190476,0.1136190476190476,19.922302919408104,5.210442131686267,0.0
12025,12025,2023,203920,Khem Birch,1610612759,SAS,20,161.85,43,25,7,5,5,8,1,0.416625,0.0786666666666666,0.0018749999999999,10.227754060463644,0.2022525064990382,0.0
12026,12026,2023,203114,Khris Middleton,1610612749,MIL,17,364.3566666666667,231,65,67,11,3,34,24,0.3033333333333333,0.2276666666666666,-4.625929269271485e-18,18.547719549572086,1.0028927057596244,0.0
12027,12027,2023,1630165,Killian Hayes,1610612765,DET,55,1471.0966666666666,525,150,320,72,18,110,65,0.3926923076923077,0.1748571428571428,0.0415384615384615,11.405614673914291,1.295343522761189,0.0
12028,12028,2023,1630184,Kira Lewis Jr.,1610612740,NOP,14,154.69666666666666,76,28,15,4,1,8,8,,0.0,,16.129043886201067,0.4198108393783256,0.0
12029,12029,2023,202691,Klay Thompson,1610612744,GSW,46,1508.35,985,178,114,30,16,77,194,0.5375882352941176,0.2284736842105263,0.0895294117647058,15.787591769329165,3.436609894454115,0.0
12030,12030,2023,204001,Kristaps Porzingis,1610612764,WAS,50,1627.29,1139,431,127,44,76,109,100,0.5815882352941176,0.2472777777777778,0.1286470588235294,26.17480920303661,7.410532449572882,0.0
12031,12031,2023,203937,Kyle Anderson,1610612750,MIN,48,1252.63,412,226,195,57,40,66,29,0.6053333333333334,0.1006428571428571,0.0810833333333333,16.454006814885698,3.0399638680549104,0.0
12032,12032,2023,1628398,Kyle Kuzma,1610612764,WAS,53,1851.125,1133,402,207,26,26,156,136,0.5375000000000001,0.2443888888888888,0.1074444444444444,17.250179733826208,4.237597099183502,0.0
12033,12033,2023,200768,Kyle Lowry,1610612748,MIA,44,1464.175,528,190,232,49,17,87,90,0.5882142857142857,0.1606428571428571,0.1018571428571428,14.048873144803716,2.9053800315306124,0.0
12035,12035,2023,1630163,LaMelo Ball,1610612766,CHA,33,1167.2883333333334,769,208,278,44,11,114,128,0.5636,0.2906,0.1347999999999999,20.39953553704191,3.4641919697085,0.0
12036,12036,2023,1630205,Lamar Stevens,1610612739,CLE,42,739.4133333333333,218,124,21,15,14,20,19,0.459,0.1021875,0.0553636363636363,10.180478999902313,0.7638015315734984,0.0
12037,12037,2023,1629013,Landry Shamet,1610612756,PHX,30,642.45,286,51,67,18,5,29,61,0.5236363636363636,0.1758181818181818,0.0661818181818181,12.566610972319866,1.3564571441660926,0.0
12038,12038,2023,1626204,Larry Nance Jr.,1610612740,NOP,48,1089.31,382,288,92,44,34,36,13,0.5431875,0.1416875,0.095875,19.62707033185238,3.340838833495898,0.0
12041,12041,2023,1630195,Leandro Bolmaro,1610612762,UTA,14,68.47333333333333,6,7,7,3,1,7,0,0.0666,0.1143636363636363,-0.184,-5.720933457252206,,0.0
12042,12042,2023,1630322,Lindy Waters III,1610612760,OKC,23,256.55333333333334,97,35,16,7,6,6,28,0.5921666666666666,0.0927777777777777,0.0773333333333333,12.543148970660353,0.5331319081704079,0.0
12043,12043,2023,1629022,Lonnie Walker IV,1610612747,LAL,42,1123.1033333333332,553,89,56,26,14,38,74,0.6276153846153847,0.1641333333333333,0.0844615384615384,14.145572121912371,2.3145737457090743,0.0
12044,12044,2023,1629652,Luguentz Dort,1610612760,OKC,50,1494.1233333333332,700,206,112,52,13,67,94,0.5140714285714286,0.2024999999999999,0.0672142857142857,13.592151129421966,3.118630188271501,0.0
12046,12046,2023,1630568,Luka Garza,1610612750,MIN,22,204.87166666666667,152,53,14,2,1,9,13,0.4833999999999999,0.1763333333333333,0.1496,25.65014422464684,1.2088110440369173,0.0
12047,12047,2023,1628379,Luke Kennard,1610612763,MEM,37,767.4383333333334,287,86,40,19,4,30,62,0.5185000000000001,0.0933333333333333,0.0733571428571428,11.5146337937415,1.43194116087696,0.0
12048,12048,2023,1628436,Luke Kornet,1610612738,BOS,51,605.2733333333333,202,148,36,10,40,19,3,0.5908333333333333,0.0686666666666666,0.0830833333333333,19.86016850139541,2.2240518748053577,0.0
12049,12049,2023,1630201,Malachi Flynn,1610612761,TOR,42,581.7216666666667,200,64,63,17,3,18,41,0.4483636363636364,0.1360666666666666,0.0414545454545454,10.654483603431135,0.9267939429156006,0.0
12050,12050,2023,1631103,Malaki Branham,1610612759,SAS,45,989.165,409,96,87,24,6,47,52,0.619090909090909,0.1345333333333333,-0.0205454545454545,11.083562052613836,1.436186375687396,0.0
12051,12051,2023,1627763,Malcolm Brogdon,1610612738,BOS,50,1263.9483333333333,735,208,186,30,14,82,101,0.6625833333333334,0.2445833333333333,0.1166666666666666,20.78027989616949,4.673483207917616,0.0
12052,12052,2023,1630792,Malcolm Hill,1610612741,CHI,5,9.15,5,3,0,0,0,0,1,0.0,0.0,0.0,17.283508594910202,,0.0
12053,12053,2023,1627736,Malik Beasley,1610612747,LAL,58,1533.155,770,204,96,48,8,64,177,0.531,0.2180625,0.0880625,13.35378727477682,2.090781686929729,0.0
12054,12054,2023,1628370,Malik Monk,1610612758,SAC,54,1218.871666666667,726,140,209,36,13,107,90,0.6421176470588236,0.2387647058823529,0.1153529411764705,17.945706278571148,3.4280174479456265,0.0
12055,12055,2023,1629603,Mamadi Diakite,1610612739,CLE,16,98.52166666666666,26,12,2,2,6,6,4,0.460375,0.1135384615384615,-0.06125,6.396852417487487,,0.0
12056,12056,2023,1630699,MarJon Beauchamp,1610612749,MIL,38,563.1866666666666,219,90,26,18,4,36,38,0.4698333333333333,0.1710714285714285,0.01825,9.748576501218189,0.5019743261447983,0.0
12057,12057,2023,202694,Marcus Morris Sr.,1610612746,LAC,53,1519.375,654,224,97,33,21,45,104,0.5720000000000001,0.1839473684210526,0.0842631578947368,13.146306592065644,2.7791631165940727,0.0
12058,12058,2023,203935,Marcus Smart,1610612738,BOS,42,1359.7966666666666,466,147,300,59,17,99,74,0.5369333333333334,0.1742,0.0805333333333333,14.550644873292958,2.961414393226357,0.0
12059,12059,2023,1631109,Mark Williams,1610612766,CHA,29,460.59,220,162,8,21,34,22,0,0.735,0.0683,0.309,23.682427357017605,1.5132003444532287,0.0
12060,12060,2023,1628365,Markelle Fultz,1610612753,ORL,38,1107.5933333333332,494,153,209,56,15,89,15,0.5126363636363637,0.2098181818181818,0.0955454545454545,18.29409390219304,2.567855384411869,0.0
12061,12061,2023,202693,Markieff Morris,1610612742,DAL,27,285.4533333333333,96,59,25,8,5,14,20,0.542,0.087125,0.0606666666666666,12.897133802322434,0.5004029154486562,0.0
12062,12062,2023,1630250,Marko Simonovic,1610612741,CHI,3,4.633333333333334,0,0,0,0,0,0,0,0.0,0.0416666666666666,-0.1,-13.135813063287438,,0.0
12063,12063,2023,1628963,Marvin Bagley III,1610612765,DET,25,532.295,265,148,14,13,18,22,9,0.59025,0.201,0.124375,19.959574251110293,1.58508642291654,0.0
12064,12064,2023,203486,Mason Plumlee,1610612746,LAC,58,1630.8433333333332,699,552,211,37,36,88,0,0.635,0.1480624999999999,0.1151875,23.77975537251168,7.213648363085246,0.0
12065,12065,2023,1629680,Matisse Thybulle,1610612757,POR,51,647.5766666666667,146,70,26,50,17,10,25,0.2895714285714286,0.0855714285714285,0.0437857142857142,11.651214964721865,0.8730569165427978,0.0
12066,12066,2023,1630346,Matt Ryan,1610612750,MIN,32,303.1816666666667,122,25,15,5,1,7,32,0.2885384615384615,0.1756428571428571,-0.0167692307692307,9.4189627733233,0.5430860774817561,0.0
12067,12067,2023,203521,Matthew Dellavedova,1610612758,SAC,24,145.81333333333333,33,8,33,6,0,8,6,0.2142857142857142,0.0297647058823529,-0.0187142857142857,9.663708088925944,0.2063172361300116,0.0
12068,12068,2023,1631108,Max Christie,1610612747,LAL,35,498.3466666666667,126,74,19,8,7,13,26,0.5242727272727272,0.0795625,0.025090909090909,8.579885476522753,0.5175827362864557,0.0
12069,12069,2023,1629622,Max Strus,1610612748,MIA,57,1722.0,718,205,125,37,9,56,148,0.5323571428571429,0.1893571428571428,0.061,12.487843764045536,2.9915305085504103,0.0
12070,12070,2023,1628467,Maxi Kleber,1610612742,DAL,22,564.3366666666667,137,78,21,7,22,13,24,0.5795555555555556,0.1175555555555555,0.0544444444444444,10.832739933675382,0.9219294669310886,0.0
12071,12071,2023,1630593,McKinley Wright IV,1610612742,DAL,20,205.84666666666664,57,26,37,7,3,12,4,0.20825,0.0662,0.29075,13.217684298942393,0.3706480231007398,0.0
12072,12072,2023,1629662,Mfiondu Kabengele,1610612738,BOS,2,14.0,2,5,0,0,0,1,0,0.5,0.01,0.116,6.293005830474116,,0.0
12073,12073,2023,1630695,Micah Potter,1610612762,UTA,3,14.416666666666666,4,3,2,0,0,0,0,0.5,0.019,0.173,18.83350157276101,,0.0
12074,12074,2023,1630701,Michael Foster Jr.,1610612755,PHI,1,1.0333333333333334,0,0,0,0,0,0,0,0.0,0.0,0.0,0.0,,0.0
12075,12075,2023,1629008,Michael Porter Jr.,1610612743,DEN,42,1233.615,707,225,43,29,21,47,123,0.5730833333333333,0.2175,0.0974999999999999,17.794916673452974,3.425887982096354,0.0
12076,12076,2023,1628969,Mikal Bridges,1610612751,BKN,59,2139.0,1040,262,210,69,48,85,109,0.5533,0.1698,0.0752,18.11818608242464,6.744710681210749,0.0
12077,12077,2023,201144,Mike Conley,1610612750,MIN,46,1367.0883333333334,482,113,348,49,10,79,81,0.5507,0.1693,0.0947,15.368930729129438,4.031559850046104,0.0
12078,12078,2023,203488,Mike Muscala,1610612738,BOS,46,698.0916666666667,305,149,40,12,20,16,65,0.5882,0.1320769230769231,0.1056999999999999,15.819680311500033,1.826611344360807,0.0
12079,12079,2023,1630540,Miles McBride,1610612752,NYK,47,592.1533333333333,162,40,56,26,2,21,30,0.3461538461538461,0.0812631578947368,0.0328461538461538,8.018596526730496,0.5531695388815929,0.0
12080,12080,2023,1629011,Mitchell Robinson,1610612752,NYK,38,1022.0266666666666,275,338,37,34,68,18,0,0.6284666666666666,0.0845625,0.1011333333333333,21.04103544514824,3.377705735563113,0.0
12081,12081,2023,1628964,Mo Bamba,1610612747,LAL,41,696.4333333333333,294,190,43,12,41,23,43,0.5796,0.14375,0.1286666666666666,18.1425371563784,1.893436712975588,0.0
12082,12082,2023,1628420,Monte Morris,1610612764,WAS,50,1407.2883333333334,517,171,267,36,8,49,67,0.5822222222222222,0.1427894736842105,0.103,17.028759175941648,4.608506630726924,0.0
12083,12083,2023,1626149,Montrezl Harrell,1610612755,PHI,50,623.625,283,138,31,16,25,31,0,0.3416428571428571,0.1544666666666666,0.0427857142857142,19.53429951890064,2.0269092584382595,0.0
12084,12084,2023,1629021,Moritz Wagner,1610612753,ORL,38,799.43,426,180,64,29,9,47,39,0.5863636363636364,0.1796666666666666,0.1189090909090909,20.191781462988622,2.923849465022428,0.0
12085,12085,2023,1629650,Moses Brown,1610612751,BKN,34,287.745,155,139,4,3,14,14,0,0.527,0.101047619047619,0.1174166666666666,26.1027432560782,1.248265580072903,0.0
12086,12086,2023,1630541,Moses Moody,1610612744,GSW,44,627.2866666666666,216,73,40,15,5,27,37,0.4184,0.1130952380952381,0.0359,10.34362850995196,0.8930996261884627,0.0
12087,12087,2023,1631217,Moussa Diabate,1610612746,LAC,17,170.71333333333334,53,45,3,5,6,9,1,0.744,0.091,0.053,16.07361719290795,0.3890707974779246,0.0
12088,12088,2023,1626167,Myles Turner,1610612754,IND,50,1489.2183333333332,877,398,66,30,117,81,78,0.6418235294117647,0.17115,0.1391176470588235,22.892194671303624,5.123223770724203,0.0
12089,12089,2023,1630230,Naji Marshall,1610612740,NOP,54,1344.9533333333334,523,200,136,45,13,69,54,0.6015882352941176,0.1711764705882353,0.1046470588235294,13.22740538475853,2.299065061831364,0.0
12090,12090,2023,1629642,Nassir Little,1610612757,POR,37,619.6633333333333,220,90,34,11,12,21,38,0.5768181818181818,0.142090909090909,0.0873636363636363,12.4538843933963,1.1729320805134145,0.0
12091,12091,2023,1630233,Nathan Knight,1610612750,MIN,33,267.94,127,50,13,9,5,18,8,0.4854444444444444,0.10675,0.091,16.778235385000457,0.7983150470293675,0.0
12092,12092,2023,1629675,Naz Reid,1610612750,MIN,53,938.455,539,250,54,29,45,68,51,0.5573571428571429,0.1936875,0.1032857142857142,19.6066372663721,2.402817676113235,0.0
12093,12093,2023,1629674,Neemias Queta,1610612758,SAC,4,24.506666666666668,12,9,1,0,1,1,0,0.85,0.0414,0.176,20.372901208363857,0.0992637491469362,0.0
12094,12094,2023,203457,Nerlens Noel,1610612751,BKN,14,151.59666666666666,32,37,7,13,9,8,1,0.27275,0.0257857142857142,0.07775,11.70962629222919,0.0124949773825243,0.0
12095,12095,2023,1629651,Nic Claxton,1610612751,BKN,54,1592.115,692,488,89,40,139,69,0,0.7238125,0.1594375,0.1420625,24.4698902608122,5.604518270459272,0.0
12096,12096,2023,1630208,Nick Richards,1610612766,CHA,45,776.5583333333333,360,259,22,9,43,39,0,0.6498571428571429,0.1650666666666666,0.1517857142857142,21.557325607245115,2.801503121723387,0.0
12097,12097,2023,1629638,Nickeil Alexander-Walker,1610612750,MIN,38,534.2833333333333,230,60,76,24,14,46,35,0.5397692307692308,0.131,0.0993076923076923,14.549397100628076,0.9763089853240544,0.0
12098,12098,2023,201587,Nicolas Batum,1610612746,LAC,57,1237.5783333333334,338,240,84,34,40,38,85,0.53345,0.1214,0.0894,12.1015639483138,1.999394583493876,0.0
12100,12100,2023,1631107,Nikola Jovic,1610612748,MIA,15,204.455,82,31,10,7,2,10,8,0.476,0.0906666666666666,0.0695,12.139910142239977,0.2793457185733574,0.0
12101,12101,2023,202696,Nikola Vucevic,1610612741,CHI,59,2004.625,1054,676,198,41,48,102,98,0.5898260869565217,0.2093043478260869,0.1412173913043478,21.90650215521087,6.531222120039006,0.0
12102,12102,2023,203943,Noah Vonleh,1610612738,BOS,23,171.635,25,48,7,2,8,11,1,0.2977777777777778,0.0636,-0.0341111111111111,6.700080137276623,0.083420199211577,0.0
12103,12103,2023,1626181,Norman Powell,1610612746,LAC,50,1291.6816666666666,851,155,88,41,16,82,101,0.5636875,0.22825,0.097375,20.300355677762607,4.4788564118639,0.0
12104,12104,2023,1628384,O.G. Anunoby,1610612761,TOR,45,1611.285,760,248,91,93,35,98,86,0.5977857142857143,0.2131428571428571,0.1152142857142857,16.658937944298593,3.138757978779883,0.0
12105,12105,2023,1630167,Obi Toppin,1610612752,NYK,45,668.745,288,139,38,14,7,21,53,0.6518333333333334,0.1800833333333333,0.1344166666666666,13.819160181874418,1.459748804351115,0.0
12106,12106,2023,1630534,Ochai Agbaji,1610612762,UTA,37,557.215,169,62,18,5,4,11,31,0.472,0.0713999999999999,0.0434444444444444,9.884788272784885,1.1051640840049108,0.0
12107,12107,2023,1630168,Onyeka Okongwu,1610612737,ATL,57,1365.0516666666667,531,417,58,38,73,55,1,0.6471250000000001,0.1294583333333333,0.0902083333333333,20.176276272228648,4.319222994899117,0.0
12108,12108,2023,1631115,Orlando Robinson,1610612748,MIA,29,397.3683333333333,113,118,21,12,12,15,0,0.56575,0.0998333333333333,0.10625,15.5885816446628,0.8740475086120361,0.0
12109,12109,2023,1629052,Oshae Brissett,1610612754,IND,49,785.5883333333334,270,166,26,28,8,21,39,0.4457647058823529,0.1086363636363636,0.0400588235294117,12.03735078141399,1.2923348347891508,0.0
12110,12110,2023,203490,Otto Porter Jr.,1610612761,TOR,8,146.34166666666667,44,19,8,11,0,4,6,0.4503333333333333,0.1293333333333333,0.0516666666666666,16.253001796665696,0.3778699411690155,0.0
12111,12111,2023,1631172,Ousmane Dieng,1610612760,OKC,19,284.3983333333333,79,49,26,5,6,12,13,0.2704285714285714,0.112,0.014,9.336969329727951,0.2434812892572648,0.0
12112,12112,2023,200782,P.J. Tucker,1610612755,PHI,55,1414.9516666666666,189,213,44,26,13,36,37,0.4535333333333333,0.0505333333333333,0.0249333333333333,6.116584350923668,1.1408212691620858,0.0
12113,12113,2023,1629023,P.J. Washington,1610612766,CHA,59,1939.963333333333,897,277,143,53,66,83,119,0.51375,0.1985625,0.0764375,14.53741072014464,3.640626474558136,0.0
12114,12114,2023,1631094,Paolo Banchero,1610612753,ORL,52,1754.4166666666667,1033,345,187,49,25,141,61,0.5407333333333334,0.2725333333333333,0.1138666666666666,17.10518888252486,3.68723513242532,0.0
12116,12116,2023,1626192,Pat Connaughton,1610612749,MIL,41,1043.155,350,208,53,30,5,25,85,0.4709,0.1492,0.0561,12.00949815389101,1.6540326554762077,0.0
12117,12117,2023,1631116,Patrick Baldwin,1610612744,GSW,16,129.33166666666668,80,21,3,6,1,7,22,0.4393333333333333,0.0452666666666666,0.0821666666666666,16.393406066520253,0.2620409960941849,0.0
12118,12118,2023,201976,Patrick Beverley,1610612741,CHI,45,1211.1416666666669,288,140,118,40,25,42,55,0.5276153846153846,0.0906875,0.036076923076923,9.78891724570028,1.4977722295321467,0.0
12119,12119,2023,1630172,Patrick Williams,1610612741,CHI,59,1714.763333333333,598,258,79,49,46,78,82,0.5638260869565217,0.1570869565217391,0.0576086956521739,12.137768471082635,2.069282446656679,0.0
12120,12120,2023,201988,Patty Mills,1610612751,BKN,36,478.6233333333333,207,35,48,13,2,22,42,0.4857,0.1078125,0.0321,12.887450731550906,0.931376819770414,0.0
12122,12122,2023,1630194,Paul Reed,1610612755,PHI,44,422.305,136,141,14,28,28,26,0,0.5002142857142857,0.1459333333333333,0.0810714285714285,18.43587000369852,0.8687192672928009,0.0
12123,12123,2023,1630202,Payton Pritchard,1610612738,BOS,42,536.51,206,62,45,14,1,30,41,0.404875,0.1267333333333333,-0.196875,10.17882782614134,0.5047835220857914,0.0
12124,12124,2023,1631212,Peyton Watson,1610612743,DEN,12,37.87833333333333,19,8,1,0,1,2,1,0.2223333333333333,0.072875,0.1473333333333333,14.051147873689644,0.052906788425854,0.0
12125,12125,2023,1630173,Precious Achiuwa,1610612761,TOR,35,826.6833333333333,366,235,36,24,24,41,19,0.3796,0.1711428571428571,0.0446,18.050312204132293,1.9638490277587264,0.0
12126,12126,2023,1629656,Quentin Grimes,1610612752,NYK,49,1478.98,495,168,94,32,20,50,89,0.6548461538461539,0.1311428571428571,0.0651538461538461,11.411264243238632,2.9996989442319872,0.0
12127,12127,2023,1630181,R.J. Hampton,1610612765,DET,26,360.7683333333333,149,39,34,16,4,21,18,0.5373,0.114875,0.1236,14.31601148077131,0.6980018074997022,0.0
12128,12128,2023,1629628,RJ Barrett,1610612752,NYK,53,1828.503333333333,1045,277,146,25,8,118,94,0.5408333333333333,0.2627777777777778,0.1051111111111111,14.408149282103542,4.293093042514843,0.0
12129,12129,2023,203526,Raul Neto,1610612739,CLE,39,402.9483333333333,120,36,54,16,3,14,11,0.3351428571428571,0.0856842105263158,-0.1202857142857142,14.438715043041022,1.0614908114724202,0.0
12130,12130,2023,203493,Reggie Bullock,1610612742,DAL,58,1763.8933333333334,395,201,80,45,13,27,105,0.411235294117647,0.0963529411764705,0.0237647058823529,8.522451050967216,2.035713335984872,0.0
12131,12131,2023,202704,Reggie Jackson,1610612743,DEN,52,1337.7033333333334,566,116,183,38,5,96,77,0.524578947368421,0.1980526315789473,0.0534736842105263,11.361801881042815,1.861232118829468,0.0
12132,12132,2023,1626158,Richaun Holmes,1610612758,SAC,33,301.2333333333333,109,71,5,3,11,12,3,0.47025,0.0500588235294117,0.026125,15.059159737738405,0.822453092247011,0.0
12133,12133,2023,203496,Robert Covington,1610612746,LAC,36,583.93,198,133,46,25,28,23,35,0.5266363636363637,0.1027894736842105,0.0785454545454545,14.663297655993864,0.9539141809417132,0.0
12134,12134,2023,201577,Robin Lopez,1610612739,CLE,30,238.25833333333333,86,40,13,1,4,20,2,0.52525,0.0717368421052631,0.0226666666666666,12.217332215144353,0.4601462007940991,0.0
12135,12135,2023,203585,Rodney McGruder,1610612765,DET,21,217.47166666666664,68,28,14,5,0,7,16,0.2072,0.0349999999999999,-0.0409999999999999,10.52051561172369,0.3878374372738262,0.0
12136,12136,2023,1629641,Romeo Langford,1610612759,SAS,32,645.7966666666666,237,92,43,16,11,22,13,0.50775,0.0981333333333333,0.0250833333333333,13.084902942342234,1.245690592626252,0.0
12137,12137,2023,1631199,Ron Harper Jr.,1610612761,TOR,3,9.35,8,2,0,0,0,0,2,,0.0,,36.36913171048344,,0.0
12138,12138,2023,1626220,Royce O'Neale,1610612751,BKN,55,1837.5716666666667,505,261,216,46,39,88,123,0.512,0.13,0.0628125,10.59767655761375,2.589294831249889,0.0
12139,12139,2023,200752,Rudy Gay,1610612762,UTA,44,645.1733333333333,213,129,42,16,13,28,23,0.4655999999999999,0.1706,0.0667,9.991960194206271,0.5039342010110953,0.0
12140,12140,2023,203497,Rudy Gobert,1610612750,MIN,50,1524.055,666,580,45,39,65,88,0,0.71375,0.1530833333333333,0.1515,21.191674601146527,4.698153536616864,0.0
12141,12141,2023,1629060,Rui Hachimura,1610612747,LAL,41,1015.5933333333334,508,195,41,15,15,41,38,0.5885454545454546,0.243090909090909,0.1321818181818181,15.181732976364302,1.771110802900667,0.0
12142,12142,2023,201566,Russell Westbrook,1610612746,LAC,52,1491.3083333333334,827,321,391,53,23,184,63,0.4766,0.254625,0.1137333333333333,18.169283147964016,2.923947024559376,0.0
12143,12143,2023,1627853,Ryan Arcidiacono,1610612757,POR,13,35.71333333333333,3,4,2,2,0,2,1,0.3,0.036125,0.0294,-0.3016711166120666,,0.0
12144,12144,2023,1631157,Ryan Rollins,1610612744,GSW,12,62.07,23,12,6,1,1,16,3,0.3855,0.1622307692307692,0.289,-1.570209313058472,-0.2121104182746552,0.0
12145,12145,2023,1630240,Saben Lee,1610612756,PHX,20,294.23,115,36,54,15,1,23,7,1.0,0.074,0.122,15.21839838536586,0.6547689440924537,0.0
12146,12146,2023,1630180,Saddiq Bey,1610612737,ATL,54,1539.3733333333332,785,252,85,50,13,56,104,0.5117692307692308,0.1848461538461538,0.0707692307692307,16.238676106591686,3.985952997906572,0.0
12147,12147,2023,1630573,Sam Hauser,1610612738,BOS,57,902.9416666666668,361,149,42,17,12,19,97,0.5378000000000001,0.1302666666666666,0.068,13.895714922376833,2.0277743117810947,0.0
12148,12148,2023,1630572,Sandro Mamukelashvili,1610612759,SAS,24,216.8883333333333,57,56,16,4,5,9,7,0.240625,0.1321,0.24425,9.631860138738592,0.1674037584928229,0.0
12149,12149,2023,1630583,Santi Aldama,1610612763,MEM,54,1193.6866666666667,515,254,66,37,38,40,75,0.63115,0.1455,0.0867,16.961579613647395,3.1335310139938546,0.0
12150,12150,2023,1630567,Scottie Barnes,1610612761,TOR,56,1971.1966666666667,874,400,272,57,48,114,52,0.4858,0.1844666666666666,0.1016,18.56241491295123,5.62606475516813,0.0
12151,12151,2023,1630590,Scotty Pippen Jr.,1610612747,LAL,6,31.516666666666666,14,4,2,2,1,2,1,0.257,0.10275,-0.425,11.354741236487216,0.0017399939406797,0.0
12152,12152,2023,201586,Serge Ibaka,1610612749,MIL,16,185.3583333333333,66,44,4,2,7,11,6,0.5831999999999999,0.0570833333333333,0.092,11.415847003043504,0.2284373215484968,0.0
12153,12153,2023,203552,Seth Curry,1610612751,BKN,40,913.535,414,77,81,26,7,42,74,0.4328,0.1437272727272727,0.0438,14.103599932503704,2.027259450871332,0.0
12154,12154,2023,1631101,Shaedon Sharpe,1610612757,POR,57,1156.6416666666669,451,145,37,21,14,37,57,0.5170526315789473,0.1927368421052631,0.0757368421052631,11.75161147856756,2.002144598892075,0.0
12156,12156,2023,1629003,Shake Milton,1610612755,PHI,53,1138.0816666666667,489,145,159,18,9,72,41,0.6655714285714286,0.1677333333333333,0.1055,14.841170350939567,2.6417034798872088,0.0
12157,12157,2023,1631323,Simone Fontecchio,1610612762,UTA,31,298.82,113,35,16,4,6,18,24,0.3563333333333333,0.0806363636363636,-0.0393333333333333,7.766776211757161,0.1982890943087025,0.0
12158,12158,2023,203915,Spencer Dinwiddie,1610612751,BKN,57,1946.4233333333327,1011,181,300,45,16,97,146,0.5930588235294119,0.2038235294117647,0.1087058823529411,18.23386635005157,7.497390449697987,0.0
12159,12159,2023,1626169,Stanley Johnson,1610612759,SAS,30,469.495,174,95,67,16,6,33,18,0.4896,0.2176,-0.0518,15.690094789505917,1.049773863481099,0.0
12161,12161,2023,203500,Steven Adams,1610612763,MEM,42,1133.2916666666667,361,485,97,36,46,79,0,0.5162380952380952,0.1286190476190476,0.1039523809523809,20.10193290359112,2.527190251366778,0.0
12162,12162,2023,1629004,Svi Mykhailiuk,1610612766,CHA,14,64.82333333333334,33,9,1,1,0,3,8,0.5996666666666667,0.0844210526315789,0.3838333333333333,13.277046217718055,0.134595607321165,0.0
12163,12163,2023,204456,T.J. McConnell,1610612754,IND,57,1119.0583333333334,439,166,284,58,5,102,18,0.4349473684210526,0.15065,0.095578947368421,17.905892142707366,2.819027772984466,0.0
12164,12164,2023,203933,T.J. Warren,1610612756,PHX,28,505.1716666666667,254,77,29,16,7,17,17,0.481,0.1796666666666666,0.0788333333333333,16.38801054366485,1.296807511011459,0.0
12165,12165,2023,201959,Taj Gibson,1610612764,WAS,36,353.42333333333335,130,70,27,13,10,19,4,0.5281666666666667,0.1317777777777777,0.1728333333333333,14.679530281105851,0.8241273041521288,0.0
12166,12166,2023,1629659,Talen Horton-Tucker,1610612762,UTA,46,759.945,352,114,132,28,19,56,31,0.3453333333333333,0.1345,0.027,14.835163463994268,1.244864748902833,0.0
12167,12167,2023,1631106,Tari Eason,1610612745,HOU,58,1124.4833333333331,502,320,55,61,33,62,39,0.4514705882352941,0.1785882352941176,0.0856470588235294,18.00127917796052,2.3128235067790714,0.0
12168,12168,2023,1627752,Taurean Prince,1610612750,MIN,37,787.235,314,90,60,19,14,45,50,0.545875,0.143875,0.057125,11.933322283693482,1.4099501226107365,0.0
12169,12169,2023,1629611,Terance Mann,1610612746,LAC,60,1411.7216666666666,552,225,130,32,19,57,58,0.5693333333333334,0.1533333333333333,0.031095238095238,15.731256488993605,3.778519675317606,0.0
12170,12170,2023,1629056,Terence Davis,1610612758,SAC,44,607.23,313,107,56,35,11,38,60,0.5105384615384616,0.1856875,0.0724615384615384,16.442516750582328,1.253041264113395,0.0
12171,12171,2023,203082,Terrence Ross,1610612756,PHX,43,969.095,350,89,58,25,8,37,62,0.4386,0.1424117647058823,0.0338666666666666,9.800375213922182,1.077469815715865,0.0
12172,12172,2023,1626179,Terry Rozier,1610612766,CHA,49,1745.5283333333334,1067,210,240,53,13,103,134,0.4518181818181818,0.2454545454545454,0.076,17.16990574447382,4.519142105241383,0.0
12173,12173,2023,1630678,Terry Taylor,1610612741,CHI,26,227.72,69,39,10,3,5,9,4,0.2668181818181818,0.0403,0.0253636363636363,10.578258206846655,0.3136860261370301,0.0
12174,12174,2023,201152,Thaddeus Young,1610612761,TOR,47,754.1266666666667,231,156,70,53,5,38,5,0.3981538461538462,0.1017999999999999,0.0813846153846153,17.00325437635351,1.6443778094419643,0.0
12175,12175,2023,203648,Thanasis Antetokounmpo,1610612749,MIL,25,101.51,12,25,4,2,3,7,0,0.09975,0.0105624999999999,-0.3475,1.3444534369326842,-0.1864383410178693,0.0
12176,12176,2023,1630177,Theo Maledon,1610612766,CHA,36,581.0816666666667,200,86,86,27,6,35,21,0.435,0.1164375,0.0707857142857142,13.782656855368002,0.976569129749235,0.0
12177,12177,2023,1629033,Theo Pinson,1610612742,DAL,32,231.81666666666663,64,37,28,3,1,9,15,0.4272,0.0265882352941176,0.3674,9.636874965402068,0.3567192532594575,0.0
12178,12178,2023,1628418,Thomas Bryant,1610612743,DEN,44,906.4016666666666,514,286,29,14,23,29,22,0.7771250000000001,0.1605555555555555,0.1315,24.656109409238844,4.088365806615242,0.0
12179,12179,2023,203501,Tim Hardaway Jr.,1610612742,DAL,54,1632.5966666666666,742,198,94,41,7,47,150,0.4910588235294118,0.2081764705882353,0.0673529411764705,12.570027797865045,2.312286948533103,0.0
12180,12180,2023,202699,Tobias Harris,1610612755,PHI,53,1779.0683333333334,814,316,137,54,29,67,93,0.6584285714285715,0.1788,0.1265714285714285,17.00822169898141,4.215169115817138,0.0
12181,12181,2023,1628396,Tony Bradley,1610612741,CHI,12,33.365,19,11,1,1,1,1,3,0.75,0.022695652173913,0.431,24.34271512706912,0.143867114334584,0.0
12182,12182,2023,1628470,Torrey Craig,1610612756,PHX,57,1474.055,446,326,89,39,36,59,75,0.554578947368421,0.1311578947368421,0.0678421052631578,13.158744668955029,2.5569076863133686,0.0
12183,12183,2023,1629027,Trae Young,1610612737,ATL,52,1841.275,1390,153,533,54,8,215,112,0.529,0.2971304347826087,0.1338571428571428,24.90478121874116,9.524685888659375,0.0
12184,12184,2023,1630200,Tre Jones,1610612759,SAS,52,1524.3483333333334,663,187,325,69,8,91,35,0.48965,0.19955,0.10115,17.097157177840675,4.016850157785642,0.0
12185,12185,2023,1630544,Tre Mann,1610612760,OKC,51,938.4683333333334,408,115,79,33,10,49,66,0.3993846153846154,0.2030769230769231,0.0458461538461538,10.543599090019017,0.739040565071712,0.0
12186,12186,2023,1630570,Trendon Watford,1610612757,POR,42,680.465,231,140,69,15,6,40,16,0.7303571428571428,0.1300666666666666,0.1232142857142857,14.001790755550616,1.5902400402279837,0.0
12187,12187,2023,1630235,Trent Forrest,1610612737,ATL,18,239.29166666666663,50,29,31,6,2,10,0,0.4130909090909091,0.0839333333333333,0.0647272727272727,8.97272780472524,0.1998815240047258,0.0
12188,12188,2023,1630243,Trevelin Queen,1610612754,IND,7,70.0,21,17,6,2,5,7,2,0.0,0.0906666666666666,-0.0049999999999999,6.983284554288218,-0.1165695423926378,0.0
12189,12189,2023,1631309,Trevor Hudgins,1610612745,HOU,4,26.65,9,0,3,0,0,1,2,1.5,0.0238571428571428,0.188,5.112942496536161,0.0296134312677503,0.0
12190,12190,2023,1631211,Trevor Keels,1610612752,NYK,1,0.9566666666666668,0,1,0,0,0,0,0,0.0,0.333,0.0,-31.18234976920948,,0.0
12191,12191,2023,1626168,Trey Lyles,1610612758,SAC,51,811.4883333333333,368,184,42,17,24,41,55,0.5053333333333333,0.1567333333333333,0.0639166666666666,16.45891191002586,2.02015545621909,0.0
12192,12192,2023,1630530,Trey Murphy III,1610612740,NOP,56,1643.49,724,205,71,56,29,45,124,0.6542777777777777,0.1541111111111111,0.1011111111111111,16.08264445031899,4.536657124879286,0.0
12193,12193,2023,1628972,Troy Brown Jr.,1610612747,LAL,53,1279.2516666666668,375,226,57,39,8,37,67,0.6038666666666667,0.1133125,0.0624,11.038405945617514,1.6471627332143477,0.0
12194,12194,2023,1629660,Ty Jerome,1610612744,GSW,36,642.03,259,59,105,17,5,23,29,0.5800769230769232,0.1322142857142857,0.0913846153846153,15.57746321935764,1.9924051386222423,0.0
12195,12195,2023,1631102,TyTy Washington Jr.,1610612745,HOU,23,291.76,95,31,33,9,1,9,9,0.4025,0.104625,-0.0025,7.416920634455495,0.1224974782942142,0.0
12196,12196,2023,1628416,Tyler Dorsey,1610612742,DAL,3,8.25,9,2,0,0,0,0,1,0.0,0.0556666666666666,-0.667,51.39668972830026,,0.0
12197,12197,2023,1629639,Tyler Herro,1610612748,MIA,45,1593.8366666666666,927,258,199,39,14,112,135,0.5757857142857142,0.2633571428571429,0.1422142857142857,17.890750990602267,3.683559288712829,0.0
12199,12199,2023,1631213,Tyrese Martin,1610612737,ATL,13,45.39,15,6,0,1,0,1,1,0.236625,0.0545,0.063,7.146075778875333,0.0176822793979533,0.0
12200,12200,2023,1630178,Tyrese Maxey,1610612755,PHI,38,1244.745,751,108,137,32,5,56,89,0.494,0.2568,0.0676,18.057775306924828,3.6637414095376952,0.0
12201,12201,2023,1626145,Tyus Jones,1610612763,MEM,57,1318.621666666667,558,127,258,59,4,53,81,0.5002727272727273,0.1536363636363636,0.0956818181818181,17.504152047550825,3.8861429259540494,0.0
12202,12202,2023,1628962,Udoka Azubuike,1610612762,UTA,24,136.59833333333333,44,50,6,3,6,10,0,0.533,0.05425,0.1574285714285714,18.73696156217871,0.2990264132769013,0.0
12203,12203,2023,2617,Udonis Haslem,1610612748,MIA,6,47.2,3,8,0,1,1,0,0,,0.0,,-3.91141525170792,-0.1322736519883947,0.0
12204,12204,2023,1630586,Usman Garuba,1610612745,HOU,51,693.3216666666667,162,230,48,36,23,34,15,0.5386875,0.0925294117647058,0.077375,16.231003232103753,1.2582157038469983,0.0
12205,12205,2023,1630176,Vernon Carey Jr.,1610612762,UTA,11,28.48333333333333,6,11,3,2,2,2,0,0.0,0.0,3.0,11.976382877708213,-0.0107505575558266,0.0
12206,12206,2023,203506,Victor Oladipo,1610612748,MIA,26,738.825,290,90,101,43,6,48,37,0.4778333333333333,0.1841666666666666,0.069,13.405178038589115,0.7233940667545535,0.0
12207,12207,2023,1631246,Vince Williams Jr.,1610612763,MEM,9,48.556666666666665,7,7,3,4,1,1,1,0.70825,0.0491818181818181,0.1857499999999999,4.832288233963799,,0.0
12208,12208,2023,1630249,Vit Krejci,1610612737,ATL,21,120.42333333333332,28,14,12,3,1,4,5,0.4895454545454545,0.06364,0.0756363636363636,7.328032455688438,0.0839673309307977,0.0
12209,12209,2023,1628427,Vlatko Cancar,1610612743,DEN,44,704.9983333333333,249,105,67,17,11,30,38,0.4933571428571429,0.0973333333333333,0.0386428571428571,13.632984410334934,1.6594165167994772,0.0
12210,12210,2023,1631117,Walker Kessler,1610612762,UTA,57,1211.65,468,437,43,23,117,46,0,0.6887142857142857,0.0987142857142857,0.0749285714285714,23.970519570852044,4.211191508504327,0.0
12211,12211,2023,1628976,Wendell Carter Jr.,1610612753,ORL,39,1173.2733333333333,601,331,103,14,22,86,51,0.6338571428571428,0.19075,0.1325714285714286,19.181815811845464,3.454365654609798,0.0
12212,12212,2023,1631111,Wendell Moore Jr.,1610612750,MIN,24,139.32166666666666,36,16,16,6,5,8,2,0.5944285714285714,0.0823,0.1764285714285714,8.863437958699786,0.0390912203122703,0.0
12213,12213,2023,1629117,Wenyen Gabriel,1610612747,LAL,46,705.6366666666667,289,179,22,16,25,33,9,0.6506923076923077,0.1125714285714285,0.1034615384615384,17.6318060339215,2.0014398135143856,0.0
12214,12214,2023,202083,Wesley Matthews,1610612749,MIL,39,608.1833333333333,126,87,20,17,10,15,31,0.5334545454545455,0.0575714285714285,0.0088181818181818,7.430261729762889,0.574446603383644,0.0
12215,12215,2023,203115,Will Barton,1610612761,TOR,40,782.0183333333333,307,111,95,17,10,45,52,0.453,0.1504444444444444,0.0786,12.00094847954704,1.0106241839258117,0.0
12216,12216,2023,1626195,Willy Hernangomez,1610612740,NOP,29,372.3283333333333,218,146,27,9,12,31,1,0.5338333333333333,0.0793157894736842,0.1163333333333333,24.18750345941666,1.4626422987385588,0.0
12217,12217,2023,1630214,Xavier Tillman,1610612763,MEM,38,559.805,194,145,41,29,14,20,3,0.5414545454545454,0.0829523809523809,0.2341818181818181,19.566995699109214,1.6074388714469612,0.0
12218,12218,2023,1629139,Yuta Watanabe,1610612751,BKN,43,771.81,281,110,38,19,15,17,52,0.7671111111111111,0.1407,0.1245555555555555,15.201891953903878,2.13654335460878,0.0
12219,12219,2023,1628380,Zach Collins,1610612759,SAS,48,1015.5233333333332,481,283,126,21,30,92,29,0.6969285714285715,0.1887142857142857,0.0965,17.892392875309245,2.526413669490577,0.0
12220,12220,2023,203897,Zach LaVine,1610612741,CHI,55,1981.7616666666668,1319,269,224,54,11,145,150,0.556047619047619,0.2683333333333333,0.0997142857142857,20.038261037651107,6.650430538964599,0.0
12221,12221,2023,1630192,Zeke Nnaji,1610612743,DEN,44,583.6383333333333,223,102,11,15,19,20,13,0.4372666666666667,0.1496315789473684,0.097,15.245232164014674,1.6186470490176477,0.0
12222,12222,2023,1630533,Ziaire Williams,1610612763,MEM,28,486.075,167,69,24,12,5,29,20,0.3506666666666667,0.1214285714285714,0.0481666666666666,7.382889869520759,0.1576763694161773,0.0
12531,12040,2023,2544,LeBron James,1610612747,LAL,45,1632.0183333333334,1349,379,315,43,25,142,97,0.5795714285714286,0.3175,0.1755,28.72374321351815,7.934633432131383,1.0
12649,12018,2023,201142,Kevin Durant,1610612756,PHX,39,1402.5233333333333,1158,262,207,32,57,136,71,0.6693749999999999,0.3041875,0.1755625,29.64137641686814,7.718821905146203,1.0
12700,11988,2023,201950,Jrue Holiday,1610612749,MIL,47,1552.3266666666666,914,246,336,61,17,144,112,0.551,0.26075,0.1263333333333333,21.367724163576657,5.825862061365333,1.0
12705,12034,2023,202681,Kyrie Irving,1610612742,DAL,44,1631.455,1197,223,239,46,36,101,145,0.6396923076923078,0.2809230769230769,0.1472307692307692,26.57185380771682,8.290172541298675,1.0
12716,12121,2023,202331,Paul George,1610612746,LAC,44,1506.3533333333332,1023,268,231,64,15,145,130,0.6017333333333333,0.2958666666666666,0.1438,22.06424703402003,5.206076121230235,1.0
12742,11837,2023,201942,DeMar DeRozan,1610612741,CHI,53,1925.22,1344,247,270,51,28,119,27,0.6142608695652174,0.2834782608695652,0.1531739130434782,23.541369013769465,8.550829553356206,1.0
12748,11820,2023,203081,Damian Lillard,1610612757,POR,46,1664.575,1445,198,334,38,14,147,191,0.597857142857143,0.2447777777777777,0.1398571428571428,30.241271088389183,12.069303797776085,1.0
12757,12160,2023,201939,Stephen Curry,1610612744,GSW,38,1312.6333333333334,1119,241,244,37,15,122,185,0.6738666666666667,0.3002,0.1824,28.104612078105426,7.339569434097713,1.0
12817,11888,2023,203507,Giannis Antetokounmpo,1610612749,MIL,47,1554.2816666666668,1496,572,254,36,37,187,38,0.6228333333333333,0.364,0.20125,32.409976434398786,8.72816745280868,1.0
12826,11964,2023,203954,Joel Embiid,1610612755,PHI,45,1570.8916666666669,1489,457,183,52,68,159,50,0.656,0.3798333333333333,0.2293333333333333,34.596243288590344,9.701091611733156,1.0
12847,12099,2023,203999,Nikola Jokic,1610612743,DEN,51,1713.7216666666666,1261,584,515,65,36,181,43,0.7323500000000001,0.27905,0.2145,36.18395904196864,13.393563651318969,1.0
12850,12115,2023,1627783,Pascal Siakam,1610612761,TOR,49,1844.8466666666664,1237,381,300,40,27,126,69,0.6085454545454545,0.2884545454545454,0.1819090909090909,24.30933016730985,8.700018140271023,1.0
12854,11858,2023,1628378,Donovan Mitchell,1610612739,CLE,50,1776.525,1365,203,243,74,20,137,182,0.651,0.3068823529411764,0.1631764705882352,26.1474100191821,8.724064477617942,1.0
12856,11765,2023,1628389,Bam Adebayo,1610612748,MIA,54,1908.7916666666667,1166,539,177,65,44,136,1,0.5657857142857142,0.2302,0.1260714285714285,24.19597217561496,6.766927589630488,1.0
12860,12045,2023,1629029,Luka Doncic,1610612742,DAL,50,1825.715,1666,441,407,76,24,183,137,0.6148125,0.3670625,0.2203125,34.58573705620587,12.935826120288093,1.0
12869,11952,2023,1628369,Jayson Tatum,1610612738,BOS,55,2051.0033333333336,1685,473,250,57,43,159,183,0.6113333333333333,0.3314,0.1776,27.01934885656448,10.182748770596076,1.0
12872,11856,2023,1627734,Domantas Sabonis,1610612758,SAC,55,1903.395,1034,675,379,46,25,158,23,0.7434117647058823,0.1982941176470588,0.1798235294117647,25.771261025464828,10.107327890410073,1.0
12877,11992,2023,203944,Julius Randle,1610612752,NYK,60,2151.765,1485,646,248,40,18,170,161,0.5694736842105264,0.2675263157894736,0.1462631578947368,23.213757000845547,9.636172329624324,1.0
12879,11949,2023,1627759,Jaylen Brown,1610612738,BOS,48,1707.265,1271,336,155,53,22,146,121,0.603,0.2798571428571428,0.1497692307692307,21.657179322927263,5.091268202978819,1.0
12881,12223,2023,1629627,Zion Williamson,1610612740,NOP,29,956.0983333333334,754,202,133,32,16,99,7,0.6921428571428571,0.2832142857142857,0.2074285714285714,28.92208911914512,4.639113974570695,1.0
12891,11915,2023,1629630,Ja Morant,1610612763,MEM,48,1571.638333333333,1312,286,398,50,13,167,81,0.5588095238095238,0.3501904761904762,0.1805238095238095,27.138904206051965,7.984456339140951,1.0
12893,12155,2023,1628983,Shai Gilgeous-Alexander,1610612760,OKC,53,1877.38,1635,248,300,87,57,153,47,0.6168461538461538,0.3037857142857142,0.1773846153846154,30.64152422986611,11.840968149741482,1.0
12894,11759,2023,1630162,Anthony Edwards,1610612750,MIN,61,2210.935,1518,360,274,100,38,205,162,0.567375,0.2753125,0.122125,19.98244277611341,6.7965957465416444,1.0
12895,11942,2023,1628991,Jaren Jackson Jr.,1610612763,MEM,40,1088.2616666666668,677,267,35,44,131,63,62,0.6063846153846154,0.2248461538461538,0.1186153846153846,24.884790042651108,3.53267067795713,1.0
12896,12198,2023,1630169,Tyrese Haliburton,1610612754,IND,48,1604.82,955,181,483,84,19,126,138,0.5917,0.2418,0.15145,26.08990570646352,8.70807675956982,1.0
12897,11833,2023,1628368,De'Aaron Fox,1610612758,SAC,52,1769.6683333333333,1291,223,322,55,18,138,80,0.5780625,0.2689375,0.1299375,23.534423447207523,8.12530197927688,1.0
12898,12039,2023,1628374,Lauri Markkanen,1610612762,UTA,54,1851.1483333333333,1342,464,98,34,34,98,164,0.6699999999999999,0.2315,0.1469285714285714,25.7703733188368,8.960358847169312,1.0
